RouteID,Route,Date,Route Type,Alpine,Rating,Safety,Avg Stars,Pitches,Lead Style,Attempts
105717328,Generic Crack,2024-03-30,Trad,0,5.10-,G,3.4,1,Onsight/Flash,1
105717346,Binou's Crack,2024-03-30,Trad,0,5.8+,G,2.7,1,Onsight/Flash,1
105717364,Supercrack of the Desert (aka Luxury Liner),2024-03-30,Trad,0,5.10,G,3.8,3,Onsight/Flash,1
105717484,Scarface,2019-02-26,Trad,0,5.11a/b,G,3.8,1,Redpoint,2
105717763,Trading Places,2024-04-04,Trad,0,5.10,G,2.7,1,Fell/Hung,1
105717766,3AM Crack,2024-03-30,Trad,0,5.10,G,3.5,1,Fell/Hung,1
105717892,Namaste,2024-05-19,Sport,0,5.11d,G,3.9,1,Onsight/Flash,1
105717895,1/2 Route,2024-05-19,Sport,0,5.10+,G,3.7,1,Onsight/Flash,1
105717922,Wavy Gravy,2019-02-26,Trad,0,5.10,G,3.2,1,Onsight/Flash,1
105718036,Black Uhuru,2024-04-04,Trad,0,5.10+,G,3.7,1,Onsight/Flash,1
105718084,Old Bushmills,2024-04-17,Trad,0,5.10+,G,3.3,1,Fell/Hung,1
105718117,Huecos Rancheros,2024-05-19,Sport,0,5.12b,G,3.9,1,Fell/Hung,1
105718192,Tom Cat,2019-02-25,Trad,0,5.10,G,3.3,1,Fell/Hung,1
105718198,Apostasy,2024-05-18,Sport,0,5.10b,G,2.1,1,Fell/Hung,1
105718201,Dirtbag,2024-05-17,Sport,0,5.10-,G,2.4,1,Onsight/Flash,1
105718207,Second Coming,2024-05-17,Sport,0,5.12a,G,3.4,1,Redpoint,2
105718384,Taco Terror,2024-04-17,Trad,0,5.11,G,3.9,1,Fell/Hung,1
105718435,Blue Sun,2024-04-01,Trad,0,5.10-,G,3.6,1,Onsight/Flash,1
105718441,Rochambeau,2024-04-01,Trad,0,5.9,G,2.6,1,Onsight/Flash,1
105718522,Anchors From Hell,2024-04-17,Trad,0,5.10+,G,3.3,1,Onsight/Flash,1
105718642,Way Rambo,2024-04-01,Trad,0,5.12-,G,3.8,1,Fell/Hung,1
105732374,Yaak Crack,2024-06-01,Sport,0,5.11c,G,3.6,1,Onsight/Flash,1
105732443,Levitation 29,2017-03-23,Trad,0,5.11b/c,G,3.8,5,Fell/Hung,1
105732560,Gelatin Pooch,2024-06-01,Sport,0,5.10a,G,2.2,1,Onsight/Flash,1
105732563,"Pump First, Pay Later",2024-06-01,Sport,0,5.10b,G,2.0,1,Onsight/Flash,1
105732629,Viagra Falls,2024-05-26,Sport,0,5.11d,G,2.6,1,Onsight/Flash,1
105732941,Panty Raid,2024-05-26,Trad,0,5.10a,G,3.3,1,Onsight/Flash,1
105740945,Delay of Game,2024-10-11,Sport,0,5.8,G,2.8,1,Onsight/Flash,1
105740978,Just Say No,2022-07-25,Sport,0,5.9,PG13,2.6,1,Onsight/Flash,1
105740981,Rye Crisp,2022-07-25,Trad,0,5.8,G,3.7,1,Onsight/Flash,1
105740984,Private Idaho,2022-07-26,Trad,0,5.9,G,3.1,1,Onsight/Flash,1
105741116,Groundwork,2024-04-24,Sport,0,5.11c,G,3.3,1,Onsight/Flash,1
105741602,Tribal Boundaries,2024-10-12,Sport,0,5.10b,G,3.7,1,Onsight/Flash,1
105741848,Rollercoaster,2022-07-26,Sport,0,5.8,G,2.8,1,Onsight/Flash,1
105741866,Colossus,2022-07-26,Sport,0,5.10c,G,3.6,1,Onsight/Flash,1
105741869,Coffee and Cornflakes,2022-07-26,Sport,0,5.10a,G,2.8,1,Onsight/Flash,1
105748096,Aid Crack,2021-06-12,Trad,0,5.10d,G,2.6,1,Onsight/Flash,1
105748154,Louise,2014-08-14,Sport,0,5.9,G,1.2,1,Onsight/Flash,1
105748160,Thelma,2014-08-13,Sport,0,5.7+,G,1.2,1,Onsight/Flash,1
105748235,Natural Selection,2022-10-22,Sport,0,5.11b,G,2.5,1,Onsight/Flash,1
105748298,Road Kill,2019-05-11,Sport,0,5.11c/d,G,2.9,3,Onsight/Flash,1
105748361,Wind Ridge,2017-06-14,Trad,0,5.7,G,3.2,4,Onsight/Flash,1
105748397,Reefer Madness,2015-07-20,Sport,0,5.11a,G,3.1,1,Onsight/Flash,1
105748409,Recovery,2021-04-11,Sport,0,5.10c,G,2.4,1,Onsight/Flash,1
105748415,Wet Dream,2018-03-17,Sport,0,5.12a,G,3.6,1,Fell/Hung,1
105748421,Ten-Digit Dialing,2018-06-20,Sport,0,5.12c,G,3.6,1,Redpoint,3
105748433,The Great Escape,2018-06-26,Sport,0,5.12,G,3.7,1,Onsight/Flash,1
105748448,Mosquito Burrito,2021-04-10,Sport,0,5.9-,G,2.7,1,Onsight/Flash,1
105748451,Slammer,2018-06-14,Sport,0,5.12b,G,3.6,1,Redpoint,2
105748478,A Tall Cool One,2021-04-04,Sport,0,5.12a,G,2.8,1,Redpoint,3
105748496,Casual Route,2021-08-06,Trad,1,5.10a,G,3.8,8,Redpoint,2
105748586,The Fabulous Flying Carrs Route,2020-01-20,Sport,0,5.11a,G,2.2,1,Redpoint,2
105748591,Mrs. Hen Places a Peck,2023-03-19,Sport,0,5.11d,G,2.7,1,Onsight/Flash,1
105748594,Mr. Squirrel Places a Nut,2018-12-30,Sport,0,5.11c,G,3.0,1,Redpoint,3
105748609,Brain Cloud aka Shadow Arete,2014-11-13,Sport,0,5.9,G,2.3,1,Onsight/Flash,1
105748627,Hair City,2017-06-04,Trad,0,5.9+,R,3.6,3,Onsight/Flash,1
105748690,Regroovable,2024-12-22,Sport,0,5.11b,G,3.5,1,Onsight/Flash,1
105748693,Hot Licks,2022-05-14,Trad,0,5.9,G,3.4,4,Onsight/Flash,1
105748702,Spinney Dan,2024-12-22,Sport,0,5.10c,G,3.3,1,Onsight/Flash,1
105748771,Vertigo,2017-11-19,Trad,0,5.11b,G,3.8,4,Redpoint,2
105748816,Center Route,2023-02-19,Trad,0,5.9+,G,3.9,2,Fell/Hung,1
105748936,Verschneidung Dihedral,2020-03-07,Trad,0,5.7,G,2.9,2,Onsight/Flash,1
105748975,Thirteen Engines,2020-12-25,Sport,0,5.11c,G,3.1,1,Fell/Hung,1
105748990,No Passion for Fashion,2018-02-18,Sport,0,5.11b/c,G,3.7,1,Onsight/Flash,1
105748993,Menses,2018-02-18,Sport,0,5.10d,G,2.9,1,Onsight/Flash,1
105749002,Hazardous Waste,2023-02-26,Sport,0,5.11d,G,2.2,1,Redpoint,2
105749005,Power Trip,2022-04-17,Sport,0,5.12a,G,3.0,1,Redpoint,3
105749011,Anarchy Rules,2019-05-03,Sport,0,5.12b,G,3.0,1,Redpoint,4
105749029,Xanadu,2020-03-07,Trad,0,5.10a,G,3.5,1,Redpoint,2
105749116,Porkus Non Grata,2023-04-23,Sport,0,5.11-,G,2.9,1,Onsight/Flash,1
105749119,The Apple Bites Back,2024-12-23,Sport,0,5.11c,G,3.5,1,Onsight/Flash,1
105749122,Suburbia,2023-04-23,Sport,0,5.10b/c,G,3.4,1,Onsight/Flash,1
105749158,Sonic Youth,2019-07-28,Sport,0,5.13a,G,3.8,1,Fell/Hung,1
105749167,Hot Dog,2018-03-04,Sport,0,5.11b,G,3.0,1,Onsight/Flash,1
105749170,Fiddler on the Woof,2020-03-22,Sport,0,5.12a/b,G,2.5,1,Redpoint,2
105749182,Eiffel Tower,2020-08-27,Sport,0,5.10d,G,2.4,1,Redpoint,2
105749239,Big Dog,2020-03-24,Sport,0,5.12b,G,3.1,1,Fell/Hung,1
105749293,Curving Crack,2023-07-30,Trad,0,5.9+,G,2.7,1,Onsight/Flash,1
105749401,In Between the Lines,2021-01-01,Sport,0,5.9-,G,1.9,1,Onsight/Flash,1
105749446,People's Choice,2019-05-11,Sport,0,5.10,G,3.2,3,Onsight/Flash,1
105749689,Ragger Bagger,2017-09-30,Trad,0,5.8+,G,3.0,1,Onsight/Flash,1
105749692,Barbarians,2023-08-21,Sport,0,5.12b,G,2.4,1,Fell/Hung,1
105749755,Mr. Peery Take A Bow,2023-03-19,Sport,0,5.11b,G,2.1,1,Onsight/Flash,1
105749758,Blue Sky Mining,2020-11-11,Sport,0,5.11d,G,2.8,1,Fell/Hung,1
105749761,Burning Chrome,2020-11-11,Sport,0,5.11c/d,G,2.5,1,Onsight/Flash,1
105749767,Air Head,2020-11-11,Sport,0,5.9,G,1.9,1,Onsight/Flash,1
105749782,Joint Venture,2018-10-27,Sport,0,5.11a,G,2.5,2,Onsight/Flash,1
105749797,Y2K,2019-05-16,Sport,0,5.12c,G,3.1,1,Fell/Hung,2
105749800,Mineral Museum,2019-08-06,Trad,0,5.9,G,3.1,1,Onsight/Flash,1
105749860,Not One Of Us,2016-10-15,Sport,0,5.12a,G,2.9,2,Fell/Hung,1
105749899,The Black Crack,2020-01-25,Trad,0,5.9+,G,2.3,1,Onsight/Flash,1
105749920,Bourgeois Belay Dogs,2023-03-11,Sport,0,5.10b,G,2.5,1,Onsight/Flash,1
105749923,Karma Mechanic,2021-01-16,Sport,0,5.10b,G,2.4,1,Onsight/Flash,1
105749926,Partners in Crime,2023-03-11,Sport,0,5.11c,G,3.4,1,Onsight/Flash,1
105749929,Barney,2021-10-30,Sport,0,5.9+,G,2.7,1,Onsight/Flash,1
105749977,Balkan Dirt Diving,2018-04-07,Trad,0,5.12a,G,3.5,1,Redpoint,2
105749980,Cyborg,2024-12-23,Sport,0,5.11b,G,2.5,1,Onsight/Flash,1
105749983,Minimum Security,2021-01-16,Sport,0,5.11c,G,3.6,1,Onsight/Flash,1
105750016,Richter Scale,2019-12-12,Sport,0,5.10c,G,2.5,1,Onsight/Flash,1
105750028,Heavy Weather,2021-12-23,Sport,0,5.12a/b,G,3.8,1,Redpoint,3
105750037,No Rest For the Wicked,2020-01-05,Sport,0,5.12a/b,G,3.6,1,Redpoint,4
105750046,Living in America,2022-04-10,Sport,0,5.12a,G,3.0,1,Redpoint,2
105750049,Taping Tendons,2019-01-05,Sport,0,5.11c/d,G,3.5,1,Onsight/Flash,1
105750055,2150 A.D.,2019-01-05,Sport,0,5.10d,G,2.7,1,Onsight/Flash,1
105750058,Back to the Future,2020-01-04,Sport,0,5.11b/c,G,3.6,1,Onsight/Flash,1
105750079,Slip and Slide,2019-03-12,Sport,0,5.10d,G,2.8,1,Onsight/Flash,1
105750085,Directissima,2017-08-05,Trad,1,5.10b,G,3.6,4,Fell/Hung,1
105750118,Officer Friendly,2018-06-18,Sport,0,5.11b/c,G,3.1,1,Fell/Hung,2
105750121,L.A. Law,2020-08-04,Sport,0,5.10a,G,0.9,1,Fell/Hung,1
105750124,Lawsuit,2018-06-14,Sport,0,5.10-,G,1.7,1,Onsight/Flash,1
105750208,Hey Good Lookin',2021-05-26,Sport,0,5.11d,G,2.9,1,Redpoint,2
105750418,March of Dimes,2017-06-04,Trad,0,5.10c,G,2.8,1,Onsight/Flash,1
105750487,Curvaceous,2021-04-24,Sport,0,5.11b,G,3.6,1,Redpoint,2
105751009,Lunar Avenue,2017-12-09,Trad,0,5.8-,R,1.9,1,Onsight/Flash,1
105751033,Femp,2017-07-23,Trad,0,5.9,G,3.0,3,Onsight/Flash,1
105751045,Spike,2023-03-19,Sport,0,5.10-,G,2.4,1,Onsight/Flash,1
105751315,Grand Giraffe,2024-11-17,Trad,0,5.10a,G,3.4,3,Onsight/Flash,1
105751492,Wind Machine,2021-01-24,Sport,0,5.11c/d,G,2.0,1,Fell/Hung,1
105751495,Highlander,2021-01-24,Sport,0,5.10d,G,1.7,1,Onsight/Flash,1
105751579,Radometer in the Red Zone,2022-10-22,Sport,0,5.11c,G,2.6,1,Fell/Hung,1
105751597,Diamondback,2017-08-01,Sport,0,5.10b,G,2.6,1,Onsight/Flash,1
105751630,Flight 67 to Stockholm,2020-12-20,Sport,0,5.11a/b,G,2.9,1,Redpoint,2
105751756,Eiger Direct,2018-03-24,Sport,0,5.11d,G,3.3,1,Redpoint,3
105751759,Independence Day,2021-11-07,Sport,0,5.10a,G,0.8,1,Onsight/Flash,1
105751762,Rock the Vote,2021-11-07,Sport,0,5.9+,G,1.1,1,Onsight/Flash,1
105751765,Campaign Trail,2021-11-07,Sport,0,5.10d,G,1.9,1,Onsight/Flash,1
105751771,Party Line,2021-11-07,Sport,0,5.10d,G,1.5,1,Onsight/Flash,1
105751774,Fat Democrat,2021-11-07,Sport,0,5.11,G,1.4,1,Onsight/Flash,1
105751777,Right To Be Wrong,2021-11-07,Sport,0,5.11a,G,1.9,1,Onsight/Flash,1
105752059,Hanging Judge,2018-06-26,Sport,0,5.11b,G,3.3,1,Onsight/Flash,1
105752167,The Ground Doesn't Lie,2020-12-20,Sport,0,5.10c/d,G,2.3,1,Onsight/Flash,1
105752287,Take the Termites Bowling,2021-05-20,Sport,0,5.11b/c,G,2.1,1,Onsight/Flash,1
105752290,Shiny Dog,2021-05-20,Sport,0,5.12,G,2.5,1,Fell/Hung,1
105752323,Undertow,2023-07-11,Sport,0,5.12b,G,3.7,1,Redpoint,4
105752329,Lats Don't Have Feelings,2022-03-12,Sport,0,5.11d,G,3.6,1,Redpoint,2
105752335,Tits Up,2024-12-01,Sport,0,5.12b,G,3.8,1,Fell/Hung,1
105752362,Thunder Tactics,2020-12-26,Sport,0,5.11c,G,3.6,1,Onsight/Flash,1
105752389,Gravitations,2022-03-13,Sport,0,5.11d,G,3.8,1,Redpoint,2
105752464,Phase Dance,2023-04-23,Sport,0,5.12-,G,3.4,1,Fell/Hung,1
105752560,Hand Crack (aka White Lightning),2020-03-07,Trad,0,5.10a,G,3.4,1,Onsight/Flash,1
105752563,Bad Girls Get Spanked,2021-04-10,Sport,0,5.11b,G,2.6,1,Redpoint,2
105752587,Lime Street,2019-01-05,Sport,0,5.11b,G,3.6,1,Onsight/Flash,1
105752596,Conehead,2020-11-01,Sport,0,5.11b,G,2.4,1,Fell/Hung,2
105752599,Eiger Sanction,2020-08-27,Sport,0,5.10d,G,2.4,1,Onsight/Flash,1
105752602,Footloose,2018-05-16,Sport,0,5.10a,G,2.1,1,Onsight/Flash,1
105752788,The Crack of Dawn,2017-10-21,Sport,0,5.10b,G,3.5,1,Onsight/Flash,1
105752836,War In The Banks,2022-04-02,Sport,0,5.10b,G,2.5,1,Onsight/Flash,1
105752845,Third Stage,2022-03-12,Sport,0,5.10b/c,G,2.6,1,Onsight/Flash,1
105752878,The List,2021-01-16,Sport,0,5.10b/c,G,2.6,1,Onsight/Flash,1
105752887,Metropolis,2024-12-22,Sport,0,5.11d,G,3.4,1,Onsight/Flash,1
105752890,Time Square,2023-04-23,Sport,0,5.8,G,1.8,1,Onsight/Flash,1
105752899,Flashback To Acid Beach,2020-12-24,Sport,0,5.10d,G,2.6,1,Redpoint,2
105752908,Graceland,2020-12-24,Sport,0,5.11d,G,3.1,1,Redpoint,2
105752914,The Mural,2019-01-19,Sport,0,5.12b,G,3.6,1,Redpoint,2
105752917,Freeform,2021-10-30,Sport,0,5.12a,G,3.9,1,Fell/Hung,1
105752923,Helter Skelter,2023-03-11,Sport,0,5.12a,G,3.2,1,Onsight/Flash,1
105753028,John Cruiser Meloncrimp,2019-01-19,Sport,0,5.10b,G,2.6,1,Onsight/Flash,1
105753190,Bullet The Brown Cloud,2018-11-10,Sport,0,5.11b/c,G,2.5,1,Fell/Hung,1
105753265,Northwest Corner,2016-10-20,Trad,0,5.11-,G,3.2,1,Onsight/Flash,1
105753295,Defenseless Betty,2018-09-01,Sport,0,5.12a,G,3.4,1,Redpoint,5
105753328,Pinch Fest,2018-05-20,Sport,0,5.12b,G,3.5,1,Fell/Hung,2
105753379,Community Service,2017-10-08,Sport,0,5.11c,G,2.9,1,Redpoint,3
105753391,80 Feet of Meat,2018-07-07,Sport,0,5.11b,G,3.1,1,Onsight/Flash,1
105753394,Merry Maids,2019-04-27,Sport,0,5.10a,G,2.9,1,Onsight/Flash,1
105753412,Captain America,2018-10-22,Sport,0,5.10a,G,2.3,1,Onsight/Flash,1
105753502,Pile Driver,2019-04-27,Sport,0,5.11b,G,2.7,1,Fell/Hung,1
105753538,Wadsworth Boulevard,2020-02-01,Sport,0,5.10c,G,2.8,1,Onsight/Flash,1
105753541,Pick a Peck of Perfect Pulling Pockets,2024-11-30,Sport,0,5.11d,G,2.9,1,Redpoint,2
105753562,Pedestrian Gene Pool,2023-03-11,Sport,0,5.11a/b,G,3.0,1,Onsight/Flash,1
105753628,Choss Temple Pilots,2021-09-18,Sport,0,5.11b,G,2.7,1,Onsight/Flash,1
105753655,C++,2020-08-30,Trad,0,5.11d,G,3.9,1,Fell/Hung,1
105753667,Hurl Jam,2021-09-18,Sport,0,5.11d,G,2.5,1,Fell/Hung,1
105753757,Primer,2022-06-18,Sport,0,5.11b,G,2.4,1,Onsight/Flash,1
105753805,Slabbed Up-Side da Head,2020-09-07,Sport,0,5.11a,G,2.6,1,Onsight/Flash,1
105753832,Rehabilitator,2023-10-27,Sport,0,5.11d,G,3.4,1,Redpoint,2
105753838,Fist Full of Dollars,2018-07-01,Sport,0,5.11c,G,2.9,1,Fell/Hung,1
105753856,Return to Sender (aka Cap-gun),2021-09-04,Sport,0,5.12a,G,2.9,1,Redpoint,3
105753880,Fantasia,2024-11-30,Sport,0,5.11c,G,3.1,1,Onsight/Flash,1
105753910,Not My Cross To Bear,2018-10-22,Sport,0,5.11b,G,3.8,1,Fell/Hung,1
105753934,Motley Cruise,2021-09-19,Sport,0,5.11b,G,2.7,1,Onsight/Flash,1
105753940,Cold Cuts,2021-09-18,Sport,0,5.11a,G,2.7,1,Onsight/Flash,1
105753952,Popular Demand,2018-05-27,Sport,0,5.10c,G,2.6,1,Onsight/Flash,1
105753994,Redneck Hero,2023-07-16,Sport,0,5.12a,G,3.8,1,Onsight/Flash,1
105754108,Leisure Class,2024-11-30,Sport,0,5.11b/c,G,3.0,1,Onsight/Flash,1
105754129,Strange Science,2022-07-16,Sport,0,5.11c,G,3.4,1,Fell/Hung,1
105754201,Blackman's Burden,2018-12-15,Sport,0,5.10c,G,2.9,1,Onsight/Flash,1
105754432,James Brown's Wild Ride,2021-09-19,Sport,0,5.11d,G,3.6,1,Onsight/Flash,1
105754465,Kor's Corner,2023-05-27,Sport,0,5.11d,G,2.9,1,Redpoint,3
105754546,Funkdemental,2022-04-08,Sport,0,5.11a,G,3.4,1,Onsight/Flash,1
105754765,Stay True (aka NoName 3),2017-11-25,Sport,0,5.11b,G,2.5,1,Onsight/Flash,1
105754825,Last Chance,2017-06-17,Sport,0,5.11b,G,3.8,1,Redpoint,2
105754828,Grave Line,2020-06-21,Sport,0,5.10a,G,2.6,1,Onsight/Flash,1
105754837,Dereliction Affliction,2022-03-13,Sport,0,5.11b,G,3.0,1,Onsight/Flash,1
105754999,Animal Riots Activist,2022-03-27,Sport,0,5.12a,G,2.8,1,Redpoint,2
105755155,Broomhillda,2021-07-04,Sport,0,5.10c,G,1.9,1,Onsight/Flash,1
105755386,Lost in Space Direct,2023-10-22,Trad,0,5.9,G,3.2,4,Onsight/Flash,1
105755533,Under The Table,2018-12-30,Sport,0,5.11c,G,2.0,1,Redpoint,2
105755851,Block Party,2017-10-22,Sport,0,5.10a,G,2.9,1,Onsight/Flash,1
105755866,Printer Boy,2021-07-05,Sport,0,5.11b,G,2.6,1,Onsight/Flash,1
105755872,Squid Kid,2019-08-18,Sport,0,5.10a,G,3.5,1,Onsight/Flash,1
105755875,Baby Doe,2020-05-31,Sport,0,5.8,G,1.8,1,Onsight/Flash,1
105755881,Billy,2017-05-23,Sport,0,5.11b,G,2.9,1,Onsight/Flash,1
105756094,Merlin,2019-07-28,Sport,0,5.11c,G,2.2,1,Fell/Hung,1
105756298,"Big, Big, Monkey Man",2023-07-16,Trad,0,5.12b,G,3.6,1,Fell/Hung,1
105756496,Andrology,2020-09-07,Sport,0,5.12b,G,3.7,1,Fell/Hung,1
105756784,Huston Crack,2023-08-21,Trad,0,5.9,G,2.7,1,Onsight/Flash,1
105756790,Empire of the Fenceless,2023-08-21,Sport,0,5.12a,G,3.5,1,Redpoint,2
105756826,Edge of Time,2020-09-07,Sport,0,5.9+,G,3.4,1,Onsight/Flash,1
105756829,CG's Naked Fun Time,2020-09-07,Sport,0,5.10b,G,2.5,1,Onsight/Flash,1
105756946,The Dune,2021-10-30,Sport,0,5.10a,G,2.0,1,Onsight/Flash,1
105757066,Glory Hole,2021-07-03,Sport,0,5.12a,G,2.7,1,Fell/Hung,1
105757219,Mariscos Lambada (aka Zorba),2017-09-09,Sport,0,5.9,G,2.1,1,Onsight/Flash,1
105757240,Spuds in Space,2017-10-08,Sport,0,5.9-,G,2.7,1,Onsight/Flash,1
105757243,Hot Potato,2017-10-08,Sport,0,5.9+,G,2.3,1,Onsight/Flash,1
105757249,Matillda,2021-07-04,Sport,0,5.10b,G,2.3,1,Onsight/Flash,1
105757414,Bihedral Arete,2020-12-05,Trad,0,5.10a,G,3.0,2,Onsight/Flash,1
105757423,Casual Corner,2020-12-06,Trad,0,5.8+,G,2.6,1,Onsight/Flash,1
105757618,I Claudius,2022-04-08,Sport,0,5.11a,G,3.5,1,Onsight/Flash,1
105757627,Blood Monkey,2020-08-30,Sport,0,5.12a/b,G,3.1,1,Fell/Hung,1
105757681,The Pollinator,2018-07-07,Sport,0,5.12a,G,2.3,1,Fell/Hung,1
105757699,PMT aka Squawk Box,2017-09-10,Sport,0,5.10c,G,2.6,1,Onsight/Flash,1
105757708,Moroni Blows,2018-09-08,Sport,0,5.12b,G,2.5,1,Fell/Hung,1
105758080,Days of Future Passed aka Our Future Has Passed,2018-10-27,Sport,0,5.12a,G,2.8,1,Onsight/Flash,1
105758107,Number 1 Super Guy,2018-01-14,Sport,0,5.11a,G,3.1,1,Onsight/Flash,1
105758257,The Clipboard,2022-07-16,Sport,0,5.11a/b,G,2.7,1,Onsight/Flash,1
105758584,Sunshine Dihedral,2020-12-06,Trad,0,5.10b,G,3.3,1,Redpoint,2
105758605,Crimp Scampi,2020-08-30,Sport,0,5.11a,G,2.6,1,Fell/Hung,1
105758647,Fission aka Ken T'ank,2020-06-13,Sport,0,5.12b/c,G,3.7,1,Fell/Hung,1
105758676,20th Century Man,2024-11-29,Sport,0,5.10a/b,G,2.7,1,Onsight/Flash,1
105758910,Muscle Beach,2020-02-01,Sport,0,5.11a,G,3.5,1,Onsight/Flash,1
105758982,Banana Split,2022-03-12,Sport,0,5.10a,G,1.8,1,Onsight/Flash,1
105759021,The Alignment,2024-11-30,Sport,0,5.10c/d,G,2.6,1,Fell/Hung,1
105759081,Tractatus,2018-12-16,Sport,0,5.11a,G,2.6,1,Onsight/Flash,1
105759084,Cheers,2024-11-29,Sport,0,5.8,G,2.4,1,Onsight/Flash,1
105759102,Stone of Ignorance,2024-11-29,Sport,0,5.9+,G,2.1,1,Onsight/Flash,1
105759105,Damn Right I've Got the Moves,2024-11-29,Sport,0,5.8+,G,2.3,1,Onsight/Flash,1
105759111,Relampago,2022-04-08,Sport,0,5.10,G,2.3,1,Onsight/Flash,1
105759165,Ian's Climb,2018-12-16,Sport,0,5.7+,G,1.8,1,Redpoint,2
105759516,Staying Power,2020-12-26,Sport,0,5.11c,G,3.3,1,Redpoint,2
105759594,Toxxxic Entertainment,2017-10-21,Sport,0,5.10a,G,3.1,1,Onsight/Flash,1
105759750,Just Thesenga It,2022-03-12,Sport,0,5.11a/b,G,2.4,1,Onsight/Flash,1
105759783,Herb-A-Med-Veg-A-Matic,2020-11-11,Sport,0,5.11b,G,2.8,1,Onsight/Flash,1
105759819,Breakdown Dead Ahead,2018-10-22,Sport,0,5.11a,G,3.3,1,Redpoint,2
105760332,Splitting Hares,2021-03-27,Sport,0,5.10a,G,2.3,1,Onsight/Flash,1
105760695,Miner's Delight,2021-06-06,Sport,0,5.11b,G,3.4,2,Onsight/Flash,1
105760878,Cheap Labor,2021-11-07,Trad,0,5.10b,G,2.5,1,Onsight/Flash,1
105761046,Cactus Drop,2024-12-22,Sport,0,5.10d,G,3.1,1,Onsight/Flash,1
105761067,Apple Jam,2023-04-23,Trad,0,5.11a,G,2.4,1,Onsight/Flash,1
105761217,Ga-stoned Again,2022-10-09,Sport,0,5.9,G,3.5,1,Onsight/Flash,1
105761265,Body Count,2020-09-27,Sport,0,5.11a/b,G,2.2,1,Onsight/Flash,1
105761298,Ripcord,2022-07-16,Sport,0,5.12a,G,2.7,1,Redpoint,2
105761367,Tomb of Sorrows,2022-07-16,Sport,0,5.8,G,1.7,1,Onsight/Flash,1
105761394,St. Patty's Slab,2017-10-21,Sport,0,5.11b,G,2.7,1,Onsight/Flash,1
105761463,Surreal Estate,2022-01-15,Sport,0,5.12c,G,3.7,1,Redpoint,3
105761523,Hot Beach,2022-04-08,Sport,0,5.12a,G,3.5,1,Onsight/Flash,1
105761529,Heidi Hi,2021-01-01,Trad,0,5.8,G,2.5,1,Onsight/Flash,1
105761547,14 Carats,2022-04-09,Sport,0,5.12b,G,3.9,1,Redpoint,2
105761877,Chip Off the Block,2024-11-30,Sport,0,5.9,G,2.7,1,Onsight/Flash,1
105761883,Li'l Dog,2018-03-04,Sport,0,5.11a/b,G,2.5,1,Onsight/Flash,1
105761895,River of Rabbits,2024-12-23,Sport,0,5.11a/b,G,2.5,1,Onsight/Flash,1
105762201,Bottom Feeder,2018-05-28,Sport,0,5.11b,G,2.4,1,Onsight/Flash,1
105762333,Motif,2021-01-17,Sport,0,5.12a,G,3.4,1,Redpoint,2
105762393,Hide n' Seek,2021-01-16,Sport,0,5.11b,G,2.2,1,Onsight/Flash,1
105762699,Lounge Lizard,2017-08-01,Sport,0,5.10b,G,2.6,1,Onsight/Flash,1
105762795,Prospector,2020-06-21,Sport,0,5.10a,G,2.7,1,Onsight/Flash,1
105762807,Little Flatulence,2021-07-04,Sport,0,5.8+,G,2.2,1,Onsight/Flash,1
105762981,Dry Run,2021-04-04,Sport,0,5.9,G,1.5,1,Onsight/Flash,1
105762984,Happy Ending,2021-03-27,Sport,0,5.10,G,2.0,1,Onsight/Flash,1
105763029,In Your Dreams,2020-09-19,Sport,0,5.11a,G,2.6,1,Redpoint,2
105763089,From Russia With Love,2020-01-05,Sport,0,5.10a,G,1.8,1,Onsight/Flash,1
105763161,What The Hey,2018-10-22,Sport,0,5.9+,G,2.1,1,Onsight/Flash,1
105763197,The Naked Hedge,2018-08-08,Sport,0,5.10,G,2.5,1,Onsight/Flash,1
105763212,Purple Toe Nails,2024-11-29,Sport,0,5.11c,G,3.6,1,Onsight/Flash,1
105763707,Bob's Crack,2019-06-23,Trad,0,5.10a,G,3.0,1,Fell/Hung,1
105763788,Crackside,2017-08-29,Trad,0,5.9+,G,2.5,1,Onsight/Flash,1
105763794,Guppy,2017-08-29,Sport,0,5.8,G,3.6,1,Onsight/Flash,1
105763815,Tierra Del Fuego,2022-10-22,Sport,0,5.11b,G,2.6,1,Onsight/Flash,1
105763911,Culp-Bossier,2021-08-29,Trad,1,5.8+,G,3.6,8,Onsight/Flash,1
105763950,Skippin' Stones,2020-09-23,Sport,0,5.11c,G,3.5,1,Fell/Hung,1
105764079,The Green Zone,2022-10-22,Sport,0,5.11a,G,2.8,1,Onsight/Flash,1
105764322,Englishman's Route,2023-08-19,Trad,1,5.8,G,2.6,6,Onsight/Flash,1
105764409,Curb Service,2021-03-27,Sport,0,5.10,G,1.5,1,Onsight/Flash,1
105764451,Midge Squadron,2021-05-01,Sport,0,5.11b/c,G,2.5,1,Fell/Hung,1
105765165,Cornered Again,2019-08-06,Sport,0,5.11a/b,G,2.2,1,Fell/Hung,1
105787215,Sands of Blood,2024-05-17,Sport,0,5.9,G,2.0,1,Onsight/Flash,1
105789060,5 Gallon Buckets,2021-03-07,Sport,0,5.8,G,3.2,1,Onsight/Flash,1
105789064,Light on the Path,2021-03-06,Sport,0,5.10a,G,2.9,1,Onsight/Flash,1
105789153,Ring of Fire,2024-02-03,Sport,0,5.11d,G,2.8,1,Redpoint,2
105789169,Dancer,2021-03-07,Sport,0,5.7,G,2.3,1,Onsight/Flash,1
105789298,Toxic,2023-12-11,Sport,0,5.11b,G,3.6,1,Onsight/Flash,1
105789316,Blue Light Special,2024-01-25,Sport,0,5.11b,G,3.0,1,Redpoint,2
105789342,Chicken McNuggets,2024-01-29,Sport,0,5.10b,G,2.8,1,Onsight/Flash,1
105789348,Vomit Launch,2023-12-05,Sport,0,5.11b,G,3.8,1,Redpoint,2
105789513,Classic Crack,2020-07-12,Trad,0,5.9+,G,2.7,1,Redpoint,2
105789753,Latin Lover,2023-12-01,Sport,0,5.12a,G,3.3,1,Fell/Hung,2
105789934,Overboard,2024-03-07,Sport,0,5.11c,G,3.3,1,Onsight/Flash,1
105790283,Moonshine Dihedral,2024-03-08,Trad,0,5.9,G,3.6,3,Onsight/Flash,1
105790290,Zion,2023-12-31,Trad,0,5.10a/b,G,3.7,4,Onsight/Flash,1
105790444,Headless Horseman,2023-12-13,Sport,0,5.10d,G,3.5,1,Onsight/Flash,1
105790613,Karate Crack,2023-12-26,Trad,0,5.10a,G,3.0,1,Onsight/Flash,1
105790859,Crossfire,2023-12-26,Sport,0,5.12b,G,3.9,1,Fell/Hung,3
105791086,Toxic Shock,2024-08-22,Trad,0,5.9,G,3.7,1,Redpoint,2
105792753,Solace,2024-05-17,Sport,0,5.10a,G,2.6,1,Onsight/Flash,1
105793956,Heresy,2023-11-27,Sport,0,5.11c,G,3.1,1,Redpoint,3
105796557,Wedding Day,2021-03-07,Sport,0,5.10b,G,2.6,1,Onsight/Flash,1
105798861,Unnamed 9+,2024-04-02,Trad,0,5.9+,G,2.7,2,Onsight/Flash,1
105798882,Flower Power,2024-04-02,Trad,0,5.10b/c,G,2.9,1,Onsight/Flash,1
105798885,Power Play,2024-04-02,Trad,0,5.11,G,3.0,1,Redpoint,2
105799303,She's the Bosch,2024-10-12,Sport,0,5.11c,G,3.8,1,Fell/Hung,1
105799344,Reservations,2024-10-12,Trad,0,5.10a/b,PG13,2.6,1,Onsight/Flash,1
105799349,Firewater,2024-10-12,Sport,0,5.11b,G,3.4,1,Onsight/Flash,1
105800402,Morning Sky,2023-11-28,Sport,0,5.10+,G,3.0,1,Onsight/Flash,1
105800412,Nine Gallon Buckets,2021-03-06,Sport,0,5.10c,G,3.5,2,Onsight/Flash,1
105801735,Lion Zion,2023-12-13,Sport,0,5.10d,G,3.5,1,Onsight/Flash,1
105802924,The Snaz,2017-07-05,Trad,1,5.10a,G,3.6,6,Fell/Hung,1
105803148,Smart Server,2020-12-25,Sport,0,5.10a,G,2.3,1,Onsight/Flash,1
105803440,Screaming Yellow Zonkers,2024-02-24,Sport,0,5.10b,G,3.5,1,Onsight/Flash,1
105803446,Cosmos,2024-02-24,Sport,0,5.10a,G,2.7,1,Onsight/Flash,1
105803451,Bad Moon Rising,2024-02-24,Sport,0,5.11a,G,3.5,1,Onsight/Flash,1
105803545,Wartley's Revenge,2024-02-03,Trad,0,5.11a,G,3.8,1,Onsight/Flash,1
105803553,License To Bolt,2024-01-28,Sport,0,5.11c,G,2.9,1,Fell/Hung,1
105803655,Open Book,2017-07-04,Trad,1,5.9,G,3.5,6,Onsight/Flash,1
105803921,Phone Call From Satan,2023-11-27,Sport,0,5.9,G,3.1,1,Onsight/Flash,1
105803971,Caffeine Free,2023-12-11,Sport,0,5.10b,G,2.9,1,Onsight/Flash,1
105804292,Zebra Seam,2023-12-26,Sport,0,5.11d,G,3.5,1,Fell/Hung,1
105804852,Irene's Arete,2017-07-01,Trad,1,5.8,G,3.8,5,Onsight/Flash,1
105806895,Teddy Bear's Picnic,2023-12-29,Sport,0,5.10b,G,2.9,1,Onsight/Flash,1
105807027,Cat Got Your Tongue,2019-02-25,Trad,0,5.10,G,2.6,1,Onsight/Flash,1
105809702,Three-Quarter Ton,2020-01-05,Sport,0,5.10b/c,G,3.1,1,Onsight/Flash,1
105812408,Renaissance,2024-12-23,Sport,0,5.11a,G,2.5,1,Onsight/Flash,1
105812559,JT's Route,2024-01-28,Sport,0,5.10b,G,3.2,1,Onsight/Flash,1
105812642,Cool Air,2024-02-23,Sport,0,5.11a,G,3.3,1,Onsight/Flash,1
105812654,Suck my Kiss,2024-02-23,Sport,0,5.10a,G,2.4,1,Onsight/Flash,1
105813238,Under the Boardwalk,2024-05-27,Sport,0,5.11a,G,3.4,1,Redpoint,2
105813275,Brief Encounter,2024-05-26,Sport,0,5.8,G,2.6,1,Onsight/Flash,1
105813493,Marshall Amp,2023-01-04,Sport,0,5.11b,G,3.4,1,Onsight/Flash,1
105814533,Blasphemy,2024-02-03,Sport,0,5.11a,G,3.0,1,Onsight/Flash,1
105816995,"Third Pillar, Regular Route",2024-06-12,Trad,0,5.10a/b,G,3.8,5,Fell/Hung,1
105817270,Zebra Direct,2023-12-14,Sport,0,5.11a,G,2.4,1,Onsight/Flash,1
105818791,Barbecue The Pope,2023-11-28,Sport,0,5.10b/c,G,3.0,1,Onsight/Flash,1
105818849,Stratocaster Direct,2023-01-04,Sport,0,5.12b,G,2.9,1,Redpoint,2
105819372,Snoopy,2018-03-04,Sport,0,5.9+,G,2.2,1,Onsight/Flash,1
105819734,A Man in Every Pot,2024-06-01,Sport,0,5.8+,G,2.1,1,Onsight/Flash,1
105820098,Caustic Cock,2024-06-01,Sport,0,5.11b,G,3.4,1,Redpoint,2
105820346,New Testament,2024-02-03,Trad,0,5.10a,G,2.8,1,Onsight/Flash,1
105820350,Irreverence,2024-01-25,Sport,0,5.10a,G,2.3,1,Onsight/Flash,1
105820721,Lion's Jaw,2024-02-03,Trad,0,5.8,G,3.1,1,Onsight/Flash,1
105820726,The Outsiders,2023-12-14,Sport,0,5.9,G,3.0,1,Onsight/Flash,1
105822639,The Decider,2018-03-24,Sport,0,5.10b,G,2.1,1,Onsight/Flash,1
105827047,Happiness,2018-07-16,Sport,0,5.12b,G,3.7,1,Fell/Hung,1
105827059,Addiction,2019-07-04,Sport,0,5.12c,G,3.7,1,Fell/Hung,1
105827433,Misunderestimate,2018-08-08,Sport,0,5.10b/c,G,2.5,1,Onsight/Flash,1
105827564,Shorty Bob,2022-10-09,Sport,0,5.10c,G,2.7,1,Onsight/Flash,1
105827570,Pulley Mammoth,2022-10-09,Sport,0,5.11+,G,3.5,1,Onsight/Flash,1
105827628,Corner Drug,2019-07-04,Sport,0,5.11a,G,2.9,1,Onsight/Flash,1
105827646,Action Candy,2019-07-04,Sport,0,5.10a,G,3.0,1,Onsight/Flash,1
105828453,Storm of the Century,2019-07-04,Sport,0,5.10d,G,2.6,1,Onsight/Flash,1
105829983,Tsunami Of Charisma,2018-08-08,Sport,0,5.11b,G,3.0,1,Onsight/Flash,1
105831617,Tour de Poudre,2021-08-01,Sport,0,5.12-,G,3.4,1,Onsight/Flash,1
105832283,Mentor,2024-03-26,Sport,0,5.12b,G,3.9,1,Fell/Hung,1
105841216,Gaucho,2018-07-14,Sport,0,5.10d,G,3.5,1,Onsight/Flash,1
105841220,Zorro,2018-07-14,Sport,0,5.11c,G,3.8,1,Onsight/Flash,1
105841247,Urban Cowboy,2022-07-09,Sport,0,5.10c,G,2.7,1,Onsight/Flash,1
105841251,Tribal War,2022-07-03,Sport,0,5.11b,G,3.7,1,Redpoint,2
105841257,Battle for a Wounded Knee,2022-07-09,Sport,0,5.11a,G,2.7,1,Redpoint,2
105841382,Claim Jumper,2017-07-12,Sport,0,5.10c,G,3.4,1,Redpoint,2
105841390,Winchester Pump,2017-07-16,Sport,0,5.11a,G,3.4,1,Onsight/Flash,1
105841688,Primate Grooming Procedures,2024-04-24,Sport,0,5.8,G,2.5,1,Onsight/Flash,1
105841699,Monkey Duodenum,2024-04-24,Sport,0,5.9,G,3.0,1,Onsight/Flash,1
105842717,Crackin' the Cherry,2017-07-03,Sport,1,5.10d,G,3.0,1,Fell/Hung,1
105842817,Mosquito,2024-09-02,Trad,0,5.8,G,3.2,1,Onsight/Flash,1
105842825,Penny Lane,2024-09-09,Trad,0,5.9,G,3.6,1,Onsight/Flash,1
105843581,Gorgeous,2024-03-21,Sport,0,5.10b,G,3.6,1,Onsight/Flash,1
105843696,Pick Pocket,2024-03-21,Sport,0,5.11a,G,3.7,1,Onsight/Flash,1
105845816,Flying Circus,2024-09-09,Trad,0,5.10a,G,3.6,1,Redpoint,2
105847524,Colors of Heaven,2018-07-16,Sport,0,5.10,G,2.6,3,Onsight/Flash,1
105849567,Pooky Proof,2022-09-24,Trad,0,5.7,G,2.5,1,Onsight/Flash,1
105851509,Never Sit With Your Back to the Door,2017-07-12,Sport,0,5.10b,G,2.2,1,Onsight/Flash,1
105851631,Cowboy Poetry,2017-07-15,Sport,0,5.12b,G,3.4,1,Onsight/Flash,1
105851716,Take Your Hat Off,2019-07-06,Sport,0,5.10b,G,3.1,1,Onsight/Flash,1
105851974,Ryobi Ranger,2019-07-06,Sport,0,5.10a/b,G,2.6,1,Onsight/Flash,1
105852183,"Red Dihedral (aka ""Yggdrasil"")",2024-06-19,Trad,1,5.10,G,3.5,12,Onsight/Flash,1
105853353,Limestoned,2018-07-15,Sport,0,5.11a,G,3.3,1,Onsight/Flash,1
105853365,Character Witness,2019-07-13,Sport,0,5.11a,G,3.0,1,Onsight/Flash,1
105853386,Plea Bargain,2018-07-15,Sport,0,5.10a,G,2.6,1,Onsight/Flash,1
105854239,Flakes,2019-06-22,Trad,0,5.10a,G,2.7,1,Onsight/Flash,1
105855622,Twin Flakes,2021-07-03,Sport,0,5.10b,G,2.8,1,Onsight/Flash,1
105856656,Where the Sidewalk Ends,2019-07-14,Sport,0,5.11b,G,3.3,1,Onsight/Flash,1
105856679,Dope Shinto,2018-06-07,Sport,0,5.12a,G,3.5,1,Onsight/Flash,1
105856684,Center El Shinto,2018-06-07,Sport,0,5.12b,G,3.8,1,Onsight/Flash,1
105856757,Circus in the Wind,2018-06-03,Sport,0,5.11-,G,3.7,1,Onsight/Flash,1
105856762,Sexorcisto,2018-07-15,Sport,0,5.10c,G,2.8,1,Onsight/Flash,1
105857638,The Prospect,2017-07-15,Sport,0,5.11a,G,2.7,1,Onsight/Flash,1
105857742,Quarryman,2022-08-04,Trad,0,5.8,G,3.2,1,Onsight/Flash,1
105857749,"Up, Up and Away",2024-09-09,Trad,0,5.9,PG13,2.6,1,Onsight/Flash,1
105860676,Positive Vibrations,2024-06-09,Trad,1,5.11a,G,4.0,12,Fell/Hung,1
105862055,Poposer Cowboy,2022-07-10,Sport,0,5.12a,G,3.0,1,Redpoint,2
105862062,Poker Face Alice,2022-07-09,Sport,0,5.12b,G,3.2,1,Onsight/Flash,1
105862092,Medicine Man,2019-07-10,Sport,0,5.11c,G,3.1,1,Redpoint,2
105862459,Cornerstone,2018-12-16,Sport,0,5.11a/b,G,3.0,1,Onsight/Flash,1
105863234,Hot Tamale Baby,2019-07-05,Sport,0,5.12a,G,3.5,1,Onsight/Flash,1
105869766,La Vaca Peligrosa,2018-07-12,Sport,0,5.8,G,3.1,1,Onsight/Flash,1
105878061,"Rapunzel, Rapunzel",2019-11-17,Sport,0,5.10a,G,2.7,1,Onsight/Flash,1
105880407,[Redacted],2023-12-05,Sport,0,5.12b,G,3.1,1,Redpoint,4
105888371,Prerequisite for Excellence,2021-10-04,Trad,0,5.8,G,3.4,1,Onsight/Flash,1
105888734,Go Sparky Go,2017-11-12,Trad,0,5.11,G,3.5,1,Fell/Hung,1
105889237,Multiple Use Area,2021-10-04,Trad,0,5.9,G,2.6,1,Onsight/Flash,1
105889536,Creature Feature,2021-09-27,Sport,0,5.9,G,3.2,1,Onsight/Flash,1
105889540,Creep Show,2021-09-27,Sport,0,5.10d,G,3.5,1,Onsight/Flash,1
105889544,Count Floyd Show,2021-09-27,Sport,0,5.11b,G,3.1,1,Redpoint,2
105892533,Moving Target,2021-10-08,Sport,0,5.9,G,2.6,1,Onsight/Flash,1
105893726,Skraps,2017-11-12,Trad,0,5.9,G,2.9,1,Onsight/Flash,1
105893872,Overseas,2021-10-07,Sport,0,5.12b,G,3.2,1,Redpoint,2
105900338,Guzzler,2022-02-20,Trad,0,5.8,G,2.9,1,Onsight/Flash,1
105900347,Steggo,2022-02-20,Trad,0,5.6,PG13,2.2,1,Onsight/Flash,1
105903232,Sacred Undergarment Squeeze Job,2024-05-26,Sport,0,5.8,G,2.7,1,Onsight/Flash,1
105910504,Bandito,2017-05-28,Trad,0,5.9,G,2.0,1,Onsight/Flash,1
105910510,Three's Company,2017-05-28,Trad,0,5.8,G,2.4,1,Onsight/Flash,1
105910806,Neat and Cool,2024-09-02,Trad,0,5.10a,G,3.4,1,Onsight/Flash,1
105910942,Sphinx'ter Quits,2024-09-02,Trad,0,5.8,G,2.8,1,Onsight/Flash,1
105911529,Monstrosity,2019-11-17,Sport,0,5.10,G,3.1,1,Onsight/Flash,1
105911558,Jester,2019-11-17,Sport,0,5.10b,G,2.5,1,Fell/Hung,1
105912905,Flame Thrower,2024-06-15,Sport,0,5.11c,G,3.7,1,Redpoint,2
105912909,Planetarium,2024-06-16,Sport,0,5.12a,G,3.4,1,Fell/Hung,1
105913834,A Day in the Life,2024-06-01,Sport,0,5.11c,G,3.2,1,Onsight/Flash,1
105918091,Skin The Cat,2023-09-20,Sport,0,5.11a,G,2.4,1,Onsight/Flash,1
105918466,Narcissus,2023-08-31,Sport,0,5.12a,G,3.6,1,Onsight/Flash,1
105926879,Love Handle,2021-10-04,Trad,0,5.10b,G,3.3,1,Onsight/Flash,1
105929386,Illegal Smile,2020-02-01,Sport,0,5.11b,G,3.6,1,Onsight/Flash,1
105932154,The Reward aka Convicted Felon,2019-01-20,Sport,0,5.12b,G,3.5,1,Redpoint,2
105941644,The Zip,2024-09-04,Trad,0,5.10a,G,3.8,1,Fell/Hung,1
105944377,Flight of the Gumbie,2023-09-05,Sport,0,5.9+,G,3.5,1,Onsight/Flash,1
105944381,The Green Piece,2023-09-05,Sport,0,5.10b,G,2.8,1,Onsight/Flash,1
105944388,Lactic Acid Bath,2023-08-29,Sport,0,5.12d,G,3.9,1,Fell/Hung,1
105944445,Baseboy (Bolted Variation),2024-05-27,Sport,0,5.11-,G,2.8,1,Fell/Hung,1
105944650,What's Eating You,2024-06-01,Sport,0,5.10a,G,2.3,1,Onsight/Flash,1
105950090,Pleasant Pheasant,2024-09-01,Sport,0,5.11a,G,3.6,1,Onsight/Flash,1
105954921,Clandestine Affair,2024-09-09,Trad,0,5.9,G,2.9,1,Onsight/Flash,1
105956228,Pump Me Like a Shotgun,2018-06-05,Sport,0,5.11d,G,3.6,1,Onsight/Flash,1
105956328,Great White Behemoth,2018-06-07,Sport,0,5.12b,G,3.6,1,Fell/Hung,1
105957709,Red Chili,2017-07-03,Sport,1,5.10a,G,2.5,1,Onsight/Flash,1
105958263,Cat Crack,2022-08-13,Trad,0,5.7,G,3.1,1,Onsight/Flash,1
105959460,Laughing Crack,2022-08-02,Trad,0,5.7,G,3.6,1,Onsight/Flash,1
105962497,Cornflakes,2024-09-02,Trad,0,5.6,G,2.4,1,Onsight/Flash,1
105963366,Octopus Garden in the Shade,2022-08-04,Trad,0,5.8,G,3.4,1,Onsight/Flash,1
105963848,The Rico Suave Arete aka Rico Suave,2023-08-29,Sport,0,5.10a,G,3.5,1,Onsight/Flash,1
105964688,King Me,2023-09-26,Sport,0,5.11b,G,3.8,1,Onsight/Flash,1
105969527,Silver Girl,2021-08-01,Sport,0,5.10c,G,3.0,1,Onsight/Flash,1
105972016,One Stick or Two?,2021-07-03,Sport,0,5.9,G,2.5,1,Onsight/Flash,1
105972021,Master Blaster,2021-07-03,Sport,0,5.10b,G,3.0,1,Onsight/Flash,1
105972025,Clairabell,2021-07-03,Sport,0,5.11a,G,2.7,1,Onsight/Flash,1
105975456,Pass the Ditchie,2017-10-07,Sport,0,5.9+,G,2.7,1,Onsight/Flash,1
105975473,Original Route,2017-11-26,Trad,0,5.9,G,1.0,1,Onsight/Flash,1
105982858,Gilded Lily,2020-09-07,Sport,0,5.8+,G,2.7,1,Onsight/Flash,1
105988227,Orange Crush,2023-10-01,Sport,0,5.9+,G,3.5,1,Onsight/Flash,1
105988232,Plumb Bob,2023-10-01,Sport,0,5.11a,G,2.8,1,Onsight/Flash,1
105988238,Supersoul Sureshot,2023-10-01,Sport,0,5.12c,G,3.8,1,Fell/Hung,1
105989372,Apollo Reed,2023-08-30,Sport,0,5.13a,G,3.9,1,Fell/Hung,1
105994333,Watermelon Sugar,2024-04-25,Sport,0,5.12a,G,3.4,1,Fell/Hung,2
105994719,Slip...Not!,2021-07-03,Sport,0,5.10d,G,2.8,1,Onsight/Flash,1
105994971,Stiffy,2017-07-03,Sport,1,5.11a,G,2.4,1,Fell/Hung,1
105997439,Jail Bait,2021-09-18,Sport,0,5.11c,G,3.3,1,Onsight/Flash,1
106001020,49,2024-04-24,Sport,0,5.12a,G,3.8,1,Fell/Hung,1
106002342,Sancho Belige,2023-09-05,Sport,0,5.11c,G,3.6,1,Onsight/Flash,1
106002969,Euro Trash,2018-06-07,Sport,0,5.10b,G,2.9,1,Onsight/Flash,1
106007327,Forgotten Years,2022-06-18,Sport,0,5.11d,G,2.2,1,Fell/Hung,1
106007361,The Nose,2021-07-04,Trad,0,5.6,G,2.6,5,Onsight/Flash,1
106010509,Totem pole,2020-09-11,Sport,0,5.11c,G,3.2,1,Fell/Hung,1
106011580,Slapping Leather,2019-07-06,Sport,0,5.11b,G,2.3,1,Onsight/Flash,1
106011585,Stacked Deck,2017-07-16,Sport,0,5.10b,G,2.4,1,Onsight/Flash,1
106011590,Red as a Blooming Rose,2017-07-12,Sport,0,5.11a,G,2.8,1,Onsight/Flash,1
106011593,Iron Horse with a Twisted Heart,2017-07-12,Sport,0,5.9,G,1.7,1,Onsight/Flash,1
106015558,The Raw and the Roasted,2017-10-21,Sport,0,5.11,G,3.7,1,Onsight/Flash,1
106018126,Watts Totts,2023-12-11,Sport,0,5.12b,G,3.4,1,Fell/Hung,1
106032117,The Lifus's Farm Tools,2022-01-16,Sport,0,5.10b,G,3.0,1,Onsight/Flash,1
106032123,The Function,2022-01-16,Sport,0,5.11b,G,3.6,1,Fell/Hung,1
106032904,Time To Shower,2023-12-13,Sport,0,5.8,G,2.0,1,Onsight/Flash,1
106033329,Humboldt Current,2024-03-14,Sport,0,5.10a/b,G,2.6,1,Onsight/Flash,1
106035142,Pop Quiz (aka Brown on Butter),2019-02-26,Trad,0,5.11-,G,2.7,1,Fell/Hung,1
106059648,King Coral,2022-01-16,Sport,0,5.11a,G,3.7,1,Onsight/Flash,1
106059659,Under the Milky Way,2022-01-16,Sport,0,5.10d,G,2.5,1,Onsight/Flash,1
106069528,Great White,2024-03-14,Sport,0,5.12,G,3.7,1,Fell/Hung,1
106070704,Tobacco Road,2023-08-30,Sport,0,5.12a/b,G,3.0,1,Fell/Hung,1
106070861,Darkness At Noon,2023-12-11,Sport,0,5.13a,G,4.0,1,Fell/Hung,1
106072248,The Squamish Buttress,2022-08-07,Trad,0,5.10c,G,3.1,7,Onsight/Flash,1
106081850,High Plains Drifter,2017-07-15,Sport,0,5.11a,G,2.5,1,Onsight/Flash,1
106081874,Doob Loob,2018-07-12,Sport,0,5.10b,G,3.5,1,Onsight/Flash,1
106081917,Whip-Stocking,2023-09-22,Sport,0,5.11a,G,3.7,1,Onsight/Flash,1
106081922,Breakfast Burrito,2021-10-01,Sport,0,5.10c/d,G,3.7,1,Onsight/Flash,1
106081931,Fire and Brimstone,2023-09-22,Sport,0,5.10d,G,3.6,1,Onsight/Flash,1
106087318,Stickin' It To The Man,2017-05-20,Sport,0,5.10a,G,3.0,1,Onsight/Flash,1
106099070,It,2021-10-02,Sport,0,5.10a,G,2.2,1,Onsight/Flash,1
106119076,Black Dog,2020-03-24,Sport,0,5.9+,G,2.1,1,Onsight/Flash,1
106121243,"Biochemically Compacted Sexual Affection (aka, ""Sex"")",2024-03-21,Sport,0,5.12a,G,3.8,1,Onsight/Flash,1
106121898,Super Dario,2023-09-26,Sport,0,5.11a,G,3.6,1,Onsight/Flash,1
106125070,A Brief History of Climb,2021-09-29,Sport,0,5.10b,G,3.7,1,Onsight/Flash,1
106126167,Is This For Real?,2017-10-01,Trad,0,5.10,G,3.6,1,Onsight/Flash,1
106126227,Storm,2017-05-06,Trad,0,5.12b,G,3.6,1,Redpoint,2
106127916,Geezers Go Sport,2023-09-20,Sport,0,5.11b,G,3.3,1,Onsight/Flash,1
106127925,Monkey in the Middle,2023-09-20,Sport,0,5.11a,G,3.5,1,Onsight/Flash,1
106132213,Twinkie,2021-09-27,Sport,0,5.12a,G,3.9,1,Fell/Hung,1
106135291,Ride My See-saw,2022-03-27,Sport,0,5.10a,G,1.5,1,Onsight/Flash,1
106143915,Fingers,2023-11-15,Trad,0,5.7+,G,2.0,1,Onsight/Flash,1
106153682,Chainsaw Massacre,2021-10-01,Sport,0,5.12a,G,3.1,1,Fell/Hung,1
106159394,Step Right This Way,2018-06-03,Sport,0,5.10c,G,2.7,1,Onsight/Flash,1
106160862,Los Pepes,2017-10-22,Sport,0,5.10a,G,2.8,1,Onsight/Flash,1
106161870,Flesh Tuxedo,2018-01-06,Sport,0,5.11a,G,3.1,1,Onsight/Flash,1
106164016,Turkey's Bleak,2022-03-13,Sport,0,5.10a,G,2.3,1,Onsight/Flash,1
106170444,Silver Dollar,2021-07-03,Sport,0,5.10d,G,2.5,1,Fell/Hung,1
106170472,Crab Nation,2019-12-12,Sport,0,5.10a,G,2.3,1,Onsight/Flash,1
106181792,Sand Witch,2024-05-17,Sport,0,5.11,G,2.4,1,Fell/Hung,1
106188277,Boomstick Crack,2022-08-12,Trad,0,5.6,G,2.9,2,Onsight/Flash,1
106193137,Captain Xenolith,2021-03-07,Sport,0,5.10b,G,2.3,1,Onsight/Flash,1
106193308,Rickles,2017-09-09,Sport,0,5.8-,G,2.4,1,Onsight/Flash,1
106198096,Left Cheek,2021-07-04,Sport,0,5.9,G,2.3,1,Onsight/Flash,1
106207369,Powder Max,2021-07-04,Sport,0,5.11a,G,2.1,1,Onsight/Flash,1
106207686,The Shaft,2020-07-26,Sport,0,5.12b,G,3.8,1,Fell/Hung,1
106207924,Purple Nehi,2023-10-01,Sport,0,5.11b/c,G,3.6,1,Onsight/Flash,1
106210086,Walking With A Ghost,2017-06-06,Sport,0,5.11b/c,G,3.5,1,Redpoint,2
106210757,Huggys Pull-up,2018-07-14,Sport,0,5.9,G,1.6,1,Onsight/Flash,1
106232722,Atheist Childhood,2023-08-14,Sport,0,5.11a,G,3.3,1,Onsight/Flash,1
106232758,Women Vs. The Eternal Masculine,2023-08-14,Sport,0,5.10c,G,2.2,1,Onsight/Flash,1
106232767,Auto Erotic Decapitation,2023-08-14,Sport,0,5.10b,G,2.2,1,Onsight/Flash,1
106234501,Cirque du Sauve,2018-07-14,Sport,0,5.10b,G,2.7,1,Onsight/Flash,1
106236039,Orphan,2024-09-01,Trad,0,5.9,G,2.7,1,Onsight/Flash,1
106239714,Rattlesnake Shake,2018-06-04,Sport,0,5.9+,G,3.0,1,Onsight/Flash,1
106240353,Burning Down the Couch,2024-09-07,Sport,0,5.11d,G,3.8,1,Fell/Hung,2
106244272,Lucky Groove,2019-08-24,Sport,0,5.9,G,2.8,1,Onsight/Flash,1
106248473,Pryor,2017-09-09,Sport,0,5.10a,G,2.4,1,Onsight/Flash,1
106255900,Five Finger Discount,2021-11-07,Sport,0,5.10a,G,2.5,1,Onsight/Flash,1
106260087,Balaam,2021-08-01,Sport,0,5.11c/d,G,3.0,1,Fell/Hung,1
106260100,Yadda Yadda Yadda,2023-09-22,Sport,0,5.11b,G,2.9,1,Onsight/Flash,1
106263982,Totally Flaked,2020-09-11,Sport,0,5.10a,G,3.2,1,Onsight/Flash,1
106274886,Classic Handcrack,2024-03-28,Trad,0,5.9,G,3.3,3,Onsight/Flash,1
106276350,Dillinger,2020-12-27,Sport,0,5.9,G,2.2,1,Onsight/Flash,1
106289170,Gun Lust,2023-08-30,Sport,0,5.10c,G,2.3,1,Onsight/Flash,1
106293592,Sparkling Zygote,2017-11-12,Trad,0,5.10-,G,2.9,1,Onsight/Flash,1
106296529,Courage and Enlightenment,2022-01-15,Sport,0,5.11d,G,2.4,1,Fell/Hung,1
106300140,Mogo Chaji,2020-09-14,Sport,0,5.12a,G,3.9,1,Fell/Hung,1
106302512,Mock Duck RS,2020-09-13,Sport,0,5.10b,G,2.8,1,Onsight/Flash,1
106309924,Scar Tissue,2023-09-20,Sport,0,5.12a,G,3.5,1,Redpoint,4
106309932,Cannonball,2023-09-20,Sport,0,5.11b,G,3.0,1,Onsight/Flash,1
106310756,The Chaser,2020-11-08,Sport,0,5.11-,G,2.4,1,Onsight/Flash,1
106310770,Execution,2020-11-08,Sport,0,5.11b/c,G,2.7,1,Onsight/Flash,1
106311413,Shadow Play,2020-11-08,Sport,0,5.11c,G,2.9,1,Fell/Hung,1
106315445,Freedom Fries,2017-06-06,Sport,0,5.11b,G,2.5,1,Onsight/Flash,1
106316700,Pretty Boy Floyd,2020-12-27,Sport,0,5.8,G,2.4,1,Onsight/Flash,1
106329028,Axis of Evil,2018-12-15,Sport,0,5.10d,G,2.4,1,Onsight/Flash,1
106337175,Recession Arete,2017-11-18,Sport,0,5.11d,G,2.8,1,Redpoint,2
106337191,The Mummy,2017-10-28,Trad,0,5.8,G,1.9,1,Onsight/Flash,1
106344281,Kodachrome,2022-03-13,Sport,0,5.9,G,1.9,1,Onsight/Flash,1
106363085,Ripped,2021-12-25,Sport,0,5.10b,G,2.7,1,Onsight/Flash,1
106370147,California Dreamin',2024-04-10,Sport,0,5.9+,G,2.1,1,Onsight/Flash,1
106376127,Slap Happy,2018-01-27,Sport,0,5.12a,G,3.3,1,Redpoint,2
106378499,Anything But Bush,2024-04-10,Sport,0,5.10d,G,2.3,1,Fell/Hung,1
106382806,Bloodshot,2023-12-05,Sport,0,5.11c,G,3.7,1,Redpoint,2
106394696,Urban Cowboy,2017-11-25,Sport,0,5.12a,G,3.1,1,Redpoint,2
106404789,Woman In The Meadow,2024-10-06,Sport,0,5.11a,G,3.3,1,Redpoint,2
106415046,Arresting Arete,2023-07-16,Sport,0,5.10d,G,2.0,1,Onsight/Flash,1
106423153,Puking Yuppies,2019-12-11,Sport,0,5.11a,G,2.8,1,Redpoint,2
106423168,Starving Hippies,2016-01-23,Sport,0,5.11c,G,2.5,1,Onsight/Flash,1
106432223,Hard Kor,2018-04-22,Sport,0,5.12b,G,2.7,1,Redpoint,6
106461172,Out of the Bag,2023-08-29,Sport,0,5.11d,G,3.6,1,Fell/Hung,1
106480421,Home Alone,2018-07-15,Sport,0,5.8,G,2.8,1,Onsight/Flash,1
106480921,Frank's Tame Years,2017-11-18,Trad,0,5.11a,G,2.9,1,Redpoint,2
106495528,Calculus Crack,2022-08-01,Trad,0,5.8,G,3.2,1,Onsight/Flash,1
106506935,Venice Beach,2017-08-09,Sport,0,5.8,G,2.1,1,Onsight/Flash,1
106508340,Premarital Drilling,2021-10-07,Sport,0,5.10b,G,2.2,1,Onsight/Flash,1
106511539,Go Down Gambling,2021-07-05,Sport,0,5.10c,G,2.4,1,Onsight/Flash,1
106511980,Box of Rain,2018-07-31,Sport,0,5.8,G,2.1,1,Onsight/Flash,1
106515299,Pistola,2021-05-16,Sport,0,5.12a,G,2.8,1,Redpoint,3
106517680,Diamonds and Rain,2018-07-12,Sport,0,5.12a,G,3.5,1,Redpoint,3
106517711,Route 66,2023-12-17,Trad,0,5.7,G,2.4,1,Onsight/Flash,1
106517818,Saddle Up,2018-07-12,Sport,0,5.9,G,1.9,1,Onsight/Flash,1
106521564,Edible Panties,2022-08-04,Trad,0,5.7+,G,2.7,1,Onsight/Flash,1
106522090,Brother Toad,2021-07-05,Sport,0,5.10d,G,2.7,1,Onsight/Flash,1
106524966,Wizard's Path,2022-06-12,Sport,0,5.11a,G,3.5,1,Onsight/Flash,1
106527496,No Name Road,2024-09-05,Sport,0,5.11b,G,3.7,1,Onsight/Flash,1
106537631,Joy of Heresy,2023-08-14,Sport,0,5.11d,G,3.8,1,Onsight/Flash,1
106538438,Dark Horse,2022-06-12,Sport,0,5.10c,G,2.5,1,Redpoint,2
106538772,Licorice Stick,2018-07-12,Sport,0,5.8,G,1.8,1,Onsight/Flash,1
106543029,Jackalope & Boomslang,2019-07-05,Sport,0,5.10a,G,2.2,1,Onsight/Flash,1
106544067,Buffalo Soldier,2019-07-06,Sport,0,5.10b,G,2.8,1,Onsight/Flash,1
106555187,Rumpleminze aka Drillin' the Bush,2017-08-29,Sport,0,5.10+,G,2.1,1,Onsight/Flash,1
106577204,Random Precision,2021-09-29,Sport,0,5.11b,G,3.7,1,Redpoint,2
106579832,Lynx Jinx,2023-09-20,Sport,0,5.11c,G,3.3,1,Onsight/Flash,1
106586504,Air Ride Equipped,2023-09-19,Sport,0,5.11a,G,3.6,1,Onsight/Flash,1
106603108,Captain Blondie Sinks The Ship,2023-09-18,Sport,0,5.11-,G,2.8,1,Onsight/Flash,1
106605255,Soul Finger,2019-07-04,Sport,0,5.11a,G,2.7,1,Onsight/Flash,1
106609255,Spam,2024-04-04,Trad,0,5.9,G,2.2,1,Onsight/Flash,1
106613059,The Stinger Arete,2022-02-14,Sport,0,5.12b/c,G,3.4,1,Redpoint,3
106617956,Standing Room Only,2021-10-07,Sport,0,5.11a,G,3.6,1,Onsight/Flash,1
106634104,Supermax,2023-03-11,Sport,0,5.11d,G,3.7,1,Fell/Hung,1
106661839,Bluesfish,2023-03-18,Sport,0,5.11a,G,1.6,1,Redpoint,2
106669533,Flying Fish,2018-02-03,Sport,0,5.12d,G,3.6,1,Fell/Hung,1
106673268,Voyage of the Cowdog,2024-03-06,Sport,0,5.8+,G,3.3,5,Onsight/Flash,1
106678821,Fish N' Chips,2024-03-06,Sport,0,5.10c,G,3.4,1,Onsight/Flash,1
106681283,The Witch Doctor's Apprentice,2024-09-09,Trad,0,5.9,G,2.8,2,Onsight/Flash,1
106702950,Different Strokes,2021-09-29,Sport,0,5.11c,G,3.1,1,Redpoint,2
106765885,Leverage,2022-01-15,Sport,0,5.10c,G,2.5,1,Onsight/Flash,1
106775569,The Hoosier,2021-10-08,Sport,0,5.11c,G,3.2,1,Onsight/Flash,1
106782760,Lost in Space,2024-03-08,Sport,0,5.10b/c,G,3.0,4,Fell/Hung,1
106784951,Bolt From the Blue,2024-03-07,Sport,0,5.12a,G,3.7,1,Onsight/Flash,1
106805444,Waves of Thunder,2023-08-08,Trad,0,5.10b,G,3.0,1,Onsight/Flash,1
106811063,Trigger Happy,2023-08-30,Sport,0,5.10a,G,2.4,1,Onsight/Flash,1
106811713,Royal Flush,2017-06-10,Sport,0,5.9,G,3.0,8,Onsight/Flash,1
106818981,Cocaine Rodeo,2018-06-05,Sport,0,5.12a,G,3.8,1,Onsight/Flash,1
106820788,Face Melter Roof,2018-06-04,Sport,0,5.11c,G,3.2,1,Onsight/Flash,1
106822355,Holiday in Cambodia,2024-09-01,Trad,0,5.8,G,2.3,1,Onsight/Flash,1
106831583,B-Gizzle,2024-06-16,Sport,0,5.10d,G,2.7,1,Fell/Hung,1
106852135,Depth Charge,2023-09-02,Sport,0,5.12b,G,4.0,1,Fell/Hung,1
106852348,Super Best Friends,2023-09-27,Sport,0,5.12b,G,3.8,1,Redpoint,2
106852720,Irish Blood,2019-04-27,Sport,0,5.10a,G,2.0,1,Onsight/Flash,1
106853498,Macauley's Irish Stout,2023-09-02,Sport,0,5.12b,G,3.0,1,Fell/Hung,1
106859110,Refiner,2017-08-13,Sport,0,5.11a,G,3.1,1,Onsight/Flash,1
106859120,Giant Dihedral,2017-08-13,Trad,0,5.8,G,2.9,2,Onsight/Flash,1
106864599,The Squamish Butt Face,2022-08-12,Trad,0,5.9,G,3.1,6,Onsight/Flash,1
106873883,U-Boat,2023-09-02,Sport,0,5.12a,G,3.3,1,Redpoint,2
106875622,Transformation,2017-06-17,Sport,0,5.11,G,3.7,4,Onsight/Flash,1
106878183,The Enlightened Path,2019-06-30,Sport,0,5.11c,G,3.0,1,Onsight/Flash,1
106878189,Exodus,2021-09-05,Sport,0,5.11a,G,2.5,1,Onsight/Flash,1
106882008,The Solace of Bolted Faces,2022-07-09,Sport,0,5.12a,G,3.2,1,Onsight/Flash,1
106882881,Genesis,2019-05-26,Sport,0,5.12a,G,3.9,1,Fell/Hung,1
106885267,Butch Pocket and the Sundance Pump,2022-07-06,Sport,0,5.12a,G,3.5,1,Fell/Hung,1
106885276,Gun Street Girl,2022-07-06,Sport,0,5.12b,G,3.3,1,Fell/Hung,1
106895798,Mosaic,2023-09-24,Sport,0,5.12c,G,3.7,1,Fell/Hung,1
106904122,Shasta,2023-12-17,Trad,0,5.8,G,2.8,1,Onsight/Flash,1
106919039,La Primera Vez,2022-01-16,Sport,0,5.10c,G,2.8,1,Onsight/Flash,1
106919060,Churning in the Cheese,2022-01-16,Sport,0,5.10d,G,3.0,1,Onsight/Flash,1
106930714,Gym Jones Approved,2023-09-18,Sport,0,5.11b,G,2.5,1,Onsight/Flash,1
106937674,One-Armed Bandit,2023-09-18,Sport,0,5.9,G,2.5,1,Onsight/Flash,1
106937809,Dude's Jam Crack,2018-07-28,Trad,0,5.10d,G,3.1,1,Redpoint,2
106940388,Any Doodle Do,2018-07-28,Sport,0,5.10b,G,2.1,1,Onsight/Flash,1
106940394,Dude's Five Nine,2018-07-28,Sport,0,5.9,G,1.8,1,Onsight/Flash,1
106940412,In Harmsen's Way,2018-07-28,Sport,0,5.10a,G,2.0,1,Onsight/Flash,1
106946197,Doorf,2020-09-12,Sport,0,5.9+,G,2.6,1,Onsight/Flash,1
106949735,"Badgering the Witness a.k.a. ""The Drilled Sergeant""",2020-09-12,Sport,0,5.11a,G,3.4,1,Onsight/Flash,1
106950430,Manifesto,2019-03-01,Trad,0,5.10,G,3.2,1,Onsight/Flash,1
106950462,Hot Sex,2019-03-01,Trad,0,5.9,G,2.8,1,Onsight/Flash,1
106956490,Puppy Love,2021-11-28,Sport,0,5.11d,G,3.4,1,Fell/Hung,1
106956500,Girls With Guns,2021-11-28,Sport,0,5.10d,G,3.4,1,Onsight/Flash,1
106980972,Gold Rush,2023-09-24,Sport,0,5.11d,G,3.8,1,Redpoint,2
106985519,Wooly Bully,2018-03-11,Sport,0,5.12d,G,3.2,1,Fell/Hung,5
106990678,Lamont's Period,2020-12-25,Sport,0,5.8,G,2.5,1,Onsight/Flash,1
106994597,Pi√±on Slalom,2022-01-17,Sport,0,5.9,G,2.1,1,Onsight/Flash,1
107015770,PipeStoned,2020-09-11,Sport,0,5.10c,G,2.7,1,Onsight/Flash,1
107018099,Knot Too Many Roaches,2020-12-26,Sport,0,5.10a/b,G,2.3,1,Onsight/Flash,1
107018131,New Comer (aka New Corner),2020-12-27,Sport,0,5.10a,G,2.5,1,Onsight/Flash,1
107019607,The Richness of It All,2023-11-05,Sport,0,5.12a,G,3.7,4,Redpoint,2
107025270,Season Down Under,2022-01-17,Sport,0,5.10b,G,2.7,1,Onsight/Flash,1
107040067,Doritos,2024-03-05,Sport,0,5.12c,G,3.1,1,Fell/Hung,1
107041112,Hume's Horror,2018-02-18,Sport,0,5.9+,G,2.4,1,Onsight/Flash,1
107044408,Grateful Head,2020-11-29,Sport,0,5.9+,G,1.8,1,Onsight/Flash,1
107050005,Watusi Afterworld,2020-11-29,Sport,0,5.10a,G,1.8,1,Fell/Hung,1
107063882,Muffin Man (aka Leaning Corner or Moderation),2023-11-17,Trad,0,5.9-,G,2.6,1,Onsight/Flash,1
107063887,Uncle Remus (aka Short Corner),2023-11-17,Trad,0,5.10+,G,3.2,1,Fell/Hung,1
107072848,Ludlow Massacre,2019-01-19,Sport,0,5.11a/b,G,3.1,1,Onsight/Flash,1
107077976,2-fer,2017-05-28,Trad,0,5.10-,G,2.2,1,Onsight/Flash,1
107083717,Unknown Arete,2017-10-01,Trad,0,5.7,G,2.2,1,Onsight/Flash,1
107098593,Y- Left (submitted as Why Left),2018-01-14,Sport,0,5.12b,G,2.5,1,Fell/Hung,1
107106829,Trundle,2019-01-05,Sport,0,5.10a,PG13,1.1,1,Onsight/Flash,1
107114205,Induction Oven,2018-02-18,Sport,0,5.10a/b,G,2.3,1,Onsight/Flash,1
107118780,Love Your Enemies,2019-07-24,Trad,0,5.12a/b,G,3.1,1,Fell/Hung,1
107129268,Holy Mackerel,2022-11-20,Sport,0,5.10b/c,G,2.4,1,Onsight/Flash,1
107132491,Bottled Up Warrior,2021-10-08,Sport,0,5.12b,G,3.6,1,Fell/Hung,1
107142442,Back to Zero,2024-09-22,Sport,0,5.9,G,2.3,1,Onsight/Flash,1
107142449,Feel On,2024-09-22,Sport,0,5.10b,G,2.7,1,Onsight/Flash,1
107142457,Cavebird,2024-09-22,Sport,0,5.9+,G,2.1,1,Onsight/Flash,1
107142462,Feel On Baby,2024-09-22,Sport,0,5.10b,G,2.8,1,Onsight/Flash,1
107153195,Spike aka BR 1,2024-12-22,Sport,0,5.9,G,2.0,1,Onsight/Flash,1
107166707,Room Service,2021-07-05,Sport,0,5.11c,G,2.3,1,Onsight/Flash,1
107187071,Dr. Ceuse,2024-09-29,Sport,0,5.10a,G,3.5,1,Onsight/Flash,1
107191094,Wutang,2022-07-08,Sport,0,5.11b,G,2.1,1,Redpoint,2
107196033,The Bottom Line,2022-08-01,Trad,0,5.9,G,2.3,3,Fell/Hung,1
107207724,Borat,2022-06-18,Sport,0,5.11b,G,2.6,1,Onsight/Flash,1
107212605,Nose Picking Good,2017-05-26,Sport,0,5.8+,G,1.7,1,Onsight/Flash,1
107220802,The Juvenile,2020-09-12,Sport,0,5.12a,G,3.8,1,Redpoint,2
107222386,Lean Into It,2020-11-29,Sport,0,5.9+,G,1.7,1,Onsight/Flash,1
107227230,Dry Wall 85,2018-06-06,Sport,0,5.10,G,2.8,1,Onsight/Flash,1
107230326,Going Greek,2021-07-04,Sport,0,5.9,G,2.4,1,Onsight/Flash,1
107233036,Home Wrecker,2021-07-03,Sport,0,5.9,G,1.8,1,Onsight/Flash,1
107235387,Small Fry,2017-09-09,Sport,0,5.10b/c,G,1.3,1,Fell/Hung,1
107235954,Gunnery Sergeant Hartman,2018-09-08,Sport,0,5.11a,G,2.8,1,Onsight/Flash,1
107235965,Dr. Strangelove,2017-10-08,Sport,0,5.9,G,3.1,1,Onsight/Flash,1
107246839,Fissureman's Friend,2022-08-05,Trad,0,5.8,G,2.6,1,Onsight/Flash,1
107246850,Gang of Foreplay,2022-08-05,Trad,0,5.10a,G,2.8,1,Onsight/Flash,1
107265899,Rooster Cogburn,2019-07-07,Sport,0,5.11d,G,3.2,1,Onsight/Flash,1
107281739,Aces High,2017-06-10,Sport,0,5.10-,G,3.1,1,Onsight/Flash,1
107283574,Entering Relativity,2024-01-28,Sport,0,5.10d,G,3.2,1,Onsight/Flash,1
107301050,Something's Always Wrong,2021-10-08,Sport,0,5.10d,G,3.6,1,Onsight/Flash,1
107308040,Winged Lizard,2018-06-03,Sport,0,5.10b,G,2.1,1,Onsight/Flash,1
107312510,Dost Mitra,2024-05-19,Sport,0,5.11a/b,G,3.7,1,Onsight/Flash,1
107329629,Hakuna Matata,2023-09-22,Sport,0,5.12a,G,3.7,1,Redpoint,3
107345189,Crack to Chimney,2020-01-20,Trad,0,5.7,G,1.9,1,Onsight/Flash,1
107365496,A Man from Laramie,2022-07-03,Sport,0,5.10c,G,2.4,1,Onsight/Flash,1
107379148,Hip to the Jive,2021-09-30,Sport,0,5.11b,G,3.3,1,Onsight/Flash,1
107379163,Wonkaholic,2021-09-30,Sport,0,5.10a,G,2.7,1,Onsight/Flash,1
107380855,Generation X,2018-01-14,Sport,0,5.11b,G,2.5,1,Fell/Hung,1
107381798,Deepwater Horizon,2023-03-18,Sport,0,5.12,G,3.4,1,Redpoint,2
107392396,Unknown,2018-04-22,Sport,0,5.10+,G,1.8,1,Onsight/Flash,1
107403063,[Redacted],2022-01-15,Sport,0,5.10d,G,2.8,1,Redpoint,2
107428294,Stone Hinge,2022-02-14,Sport,0,5.12d,G,4.0,1,Fell/Hung,1
107586304,Lamoidian Power Dance,2024-10-06,Sport,0,5.11b,G,2.4,1,Onsight/Flash,1
107631387,Bovine Intervention,2022-07-06,Sport,0,5.10d,G,2.0,1,Onsight/Flash,1
107677803,Whippers in Time,2020-09-19,Sport,0,5.12a,G,2.5,1,Redpoint,2
107681959,Gluttonous Ego,2020-11-29,Trad,0,5.8-,G,1.6,1,Onsight/Flash,1
107698417,Rufus' Roof Variation aka Climbing Sports,2019-08-28,Trad,0,5.10,G,2.1,1,Onsight/Flash,1
107711074,No Vacancy (submitted as No Math Required),2023-03-11,Sport,0,5.11-,G,2.4,1,Onsight/Flash,1
107714230,Robot Steamroller,2019-07-12,Sport,0,5.12a/b,G,3.8,1,Onsight/Flash,1
107714267,Vulcan Jessery,2019-07-12,Sport,0,5.12a,G,3.0,1,Onsight/Flash,1
107716738,Wrong End of a Gun,2022-07-01,Sport,0,5.11c,G,2.5,1,Fell/Hung,1
107728081,Rock Juice,2021-07-03,Sport,0,5.11,G,3.1,1,Onsight/Flash,1
107743283,Water into Wine,2018-07-17,Sport,0,5.9,G,3.1,1,Onsight/Flash,1
107755206,The Gooey Grasshopper,2023-08-13,Sport,0,5.11d,G,3.6,1,Onsight/Flash,1
107755218,Dirt Gator,2023-08-13,Sport,0,5.10b,G,3.1,1,Onsight/Flash,1
107755253,Suits and Boots,2023-08-13,Sport,0,5.8,G,2.8,1,Onsight/Flash,1
107755261,Red Dawn,2023-08-13,Sport,0,5.10c,G,2.9,1,Onsight/Flash,1
107758295,A Cougar One Bite Brownie,2024-09-05,Sport,0,5.10a,G,2.5,1,Onsight/Flash,1
107758342,Heavy Petting Action,2024-09-10,Sport,0,5.10b,G,2.7,1,Onsight/Flash,1
107774491,Shut the Fuck Up,2023-08-16,Sport,0,5.13a,G,3.9,1,Fell/Hung,2
107784443,Rachel's Route,2017-09-09,Sport,0,5.7,G,2.4,1,Onsight/Flash,1
107785133,Two Ducks and an Angel,2016-07-16,Sport,0,5.10c,G,2.8,1,Onsight/Flash,1
107852485,Jimboliar,2017-05-27,Sport,0,5.8,G,2.8,1,Onsight/Flash,1
107856016,Wedding Streak,2018-05-19,Sport,0,5.11a/b,G,2.3,1,Onsight/Flash,1
107856027,Straight Man,2018-05-19,Sport,0,5.10a,G,2.2,1,Onsight/Flash,1
107860363,Systemic Risk,2021-07-22,Sport,0,5.11b,G,2.1,1,Onsight/Flash,1
107934642,Ben,2021-10-01,Sport,0,5.11a,G,2.4,1,Fell/Hung,1
108043545,Swedish Fish,2023-09-28,Sport,0,5.12a,G,3.9,1,Redpoint,2
108127687,The Kip,2022-08-05,Trad,0,5.7,G,2.3,1,Onsight/Flash,1
108151365,The Opportunist,2017-08-27,Sport,0,5.11a,G,3.6,1,Onsight/Flash,1
108152210,Reef On It!,2017-08-27,Sport,0,5.10-,G,3.4,1,Onsight/Flash,1
108152226,Ginger Snap,2017-10-29,Sport,0,5.10a,G,2.8,1,Onsight/Flash,1
108159532,New Beginnings,2023-07-28,Trad,0,5.12b,G,3.7,1,Fell/Hung,1
108161029,80 Grit,2022-05-30,Sport,0,5.10b/c,G,2.6,1,Onsight/Flash,1
108172884,Beetle Byway,2023-09-02,Sport,0,5.8,G,3.3,1,Onsight/Flash,1
108175274,Ussen,2022-01-17,Sport,0,5.10-,G,2.0,1,Onsight/Flash,1
108182590,No Rain,2017-08-27,Sport,0,5.10+,G,2.8,1,Onsight/Flash,1
108185756,Chalkdust Tourture,2022-05-30,Sport,0,5.10,G,2.4,1,Onsight/Flash,1
108193179,Duck A Day,2017-09-09,Sport,0,5.9,G,2.2,1,Onsight/Flash,1
108226533,Wicked Gravity,2024-09-24,Sport,0,5.11a,G,3.8,1,Onsight/Flash,1
108226542,Turtle Mountain,2024-09-24,Sport,0,5.10b,G,3.3,1,Onsight/Flash,1
108226547,Public Enemy,2024-09-24,Sport,0,5.10a,G,3.3,1,Onsight/Flash,1
108233303,Shhhhh Eeep,2019-07-14,Sport,0,5.10a,G,2.5,1,Onsight/Flash,1
108233461,Mutt Ridin Monkey,2022-07-06,Sport,0,5.10d,G,2.9,1,Onsight/Flash,1
108252810,Peaceful Revolution,2018-05-19,Sport,0,5.10c,G,1.9,1,Onsight/Flash,1
108256301,Redmond Barry,2017-10-08,Sport,0,5.10b,G,2.7,1,Onsight/Flash,1
108259493,Elastic Man,2024-09-10,Sport,0,5.11c,G,3.4,1,Onsight/Flash,1
108263642,Full Metal Jacket,2018-07-08,Sport,0,5.10c,G,2.8,1,Onsight/Flash,1
108275813,Chewbacca,2022-08-02,Trad,0,5.10a/b,G,3.2,3,Onsight/Flash,1
108290668,Back for More,2020-12-25,Sport,0,5.10c,G,2.5,1,Onsight/Flash,1
108290711,Killer Queen,2017-10-22,Sport,0,5.9,G,2.4,1,Onsight/Flash,1
108301230,Hucky Sucky 5.10 Bucky,2020-09-13,Sport,0,5.10b,G,3.5,1,Onsight/Flash,1
108319428,Crooked Darlin',2017-07-15,Sport,0,5.11a,G,1.3,1,Onsight/Flash,1
108338622,The Gods Must Be Angry,2023-12-17,Trad,0,5.10-,G,3.1,1,Onsight/Flash,1
108384463,Cobblestone Cockamamie,2024-04-25,Sport,0,5.9,G,1.5,1,Onsight/Flash,1
108389072,Gandee Candy,2021-10-01,Sport,0,5.8,G,2.9,1,Onsight/Flash,1
108430436,Western Grip,2022-07-01,Sport,0,5.10b,G,1.4,1,Onsight/Flash,1
108609759,Off the Couch,2020-06-13,Sport,0,5.10b,G,2.5,1,Onsight/Flash,1
108695777,Unknown,2024-12-23,Sport,0,5.10c/d,G,2.7,1,Onsight/Flash,1
108766319,EGBG,2021-09-30,Sport,0,5.10a,G,3.6,1,Onsight/Flash,1
108787826,Italian Combo,2019-02-26,Trad,0,5.9+,G,2.3,1,Onsight/Flash,1
108867060,Delicatessen,2023-09-19,Sport,0,5.12a/b,G,3.6,1,Fell/Hung,4
108891366,Cool Ranch Flavor Extension,2024-03-05,Sport,0,5.12a,G,3.1,1,Redpoint,3
109006293,Badassitude,2024-03-21,Sport,0,5.8,G,3.2,1,Onsight/Flash,1
109090935,Dr. Food,2021-08-01,Sport,0,5.10b,G,2.5,1,Onsight/Flash,1
109091051,Saline Lock,2021-08-01,Sport,0,5.9,G,2.6,1,Onsight/Flash,1
109140587,The Duke,2017-07-15,Sport,0,5.11a,G,3.0,1,Onsight/Flash,1
109209914,No Opportunity Missed,2017-10-29,Sport,0,5.11-,G,3.4,1,Onsight/Flash,1
109209931,Black and Tan,2022-05-30,Sport,0,5.10d,G,2.6,1,Onsight/Flash,1
109210084,Ddong Chim!,2020-08-22,Sport,0,5.11b,G,3.7,1,Onsight/Flash,1
109238338,School of Rock,2024-09-24,Sport,0,5.7,G,2.5,1,Onsight/Flash,1
109238350,Neverland,2024-09-24,Sport,0,5.8,G,2.7,1,Onsight/Flash,1
109294203,Crimson Tide,2024-09-22,Sport,0,5.11a/b,G,2.9,1,Onsight/Flash,1
109318244,Sausage Boy aka Sam's Route,2018-07-07,Sport,0,5.11b/c,G,2.7,1,Onsight/Flash,1
109328507,Jungle Queen,2017-05-28,Trad,0,5.8+,G,3.1,1,Onsight/Flash,1
109328512,Red Orkan,2017-05-27,Trad,0,5.10b/c,G,2.6,1,Onsight/Flash,1
109330568,Harvey,2017-08-27,Sport,0,5.9,G,2.5,1,Onsight/Flash,1
109341291,Twitch  (easy start),2024-06-16,Sport,0,5.11a,G,2.6,1,Onsight/Flash,1
109356518,Chocolate Bunnies from Hell,2024-09-24,Sport,0,5.11b,G,3.5,1,Onsight/Flash,1
109360389,Elwood P. Dowd,2017-08-27,Sport,0,5.10c,G,2.5,1,Onsight/Flash,1
109412189,Lovin' You is a Dirty Job,2017-09-09,Sport,0,5.10b,G,3.2,1,Onsight/Flash,1
109456096,Maximum Security,2021-01-16,Sport,0,5.10a,G,1.9,1,Onsight/Flash,1
109476926,KRGA,2024-04-17,Trad,0,5.9,G,2.2,1,Onsight/Flash,1
109532096,Off the Wall,2024-02-23,Sport,0,5.11d,G,3.4,1,Redpoint,2
109585393,Snake Eyes,2017-06-06,Sport,0,5.11b/c,G,3.0,1,Redpoint,2
109585903,Bonnie and Clyde,2023-08-13,Sport,0,5.12b,G,3.4,1,Fell/Hung,2
109590615,School of R√∂k,2021-09-18,Sport,0,5.11b,G,2.2,1,Redpoint,2
109636132,The Stormy G,2023-10-21,Sport,0,5.12c,G,4.0,1,Fell/Hung,1
109638837,Bucket List,2024-02-23,Sport,0,5.11a,G,3.7,1,Onsight/Flash,1
109737854,Sand Dollar,2018-01-27,Sport,0,5.10b,G,2.1,1,Onsight/Flash,1
109930142,Heinous Cling Start,2023-11-27,Sport,0,5.12a,G,3.8,1,Redpoint,3
109949573,Curious George Goes Climbing,2021-11-21,Sport,0,5.11a,G,2.5,1,Onsight/Flash,1
109984845,Southern Belle,2022-03-13,Sport,0,5.8,G,2.5,1,Onsight/Flash,1
109984857,Sweet Sam,2022-03-13,Sport,0,5.8+,G,1.9,1,Onsight/Flash,1
110101413,Jesse James,2020-12-26,Sport,0,5.8,G,2.5,1,Onsight/Flash,1
110140392,Yasgur's Farm,2024-09-07,Sport,0,5.9,G,2.6,1,Onsight/Flash,1
110231621,Magic Bed,2023-09-23,Sport,0,5.11b/c,G,3.3,1,Onsight/Flash,1
110250975,Buffalo Soldier,2020-05-25,Sport,0,5.10c,G,2.4,1,Onsight/Flash,1
110250991,Lyin' Like a Lion (in Zion),2020-05-25,Sport,0,5.10d,G,1.8,1,Redpoint,2
110250997,The Belay Brothers Bounce Back,2020-05-25,Trad,0,5.8+,G,2.4,1,Onsight/Flash,1
110251137,Old Pirates,2020-05-23,Sport,0,5.11a,G,2.6,1,Redpoint,2
110356279,Witness the Citrus,2021-09-28,Sport,0,5.11c,G,3.9,1,Onsight/Flash,1
110424888,Quartz Dancer,2021-01-31,Trad,0,5.11a/b,G,2.0,1,Fell/Hung,1
110457319,Magic Light Start,2023-12-14,Sport,0,5.11a,G,3.5,1,Onsight/Flash,1
110489442,Badgersaurus,2019-05-11,Sport,0,5.12a,G,3.0,1,Fell/Hung,1
110523573,Melon Baller,2021-09-28,Sport,0,5.10d,G,2.5,1,Onsight/Flash,1
110629043,Meltdown,2021-07-05,Trad,0,5.11b,G,2.9,5,Onsight/Flash,1
110643424,Orion,2024-01-28,Sport,0,5.10a,G,2.8,1,Onsight/Flash,1
110656465,Telstar,2019-08-24,Sport,0,5.10c/d,G,2.9,1,Onsight/Flash,1
110664367,Tucupit occidentalis,2024-05-21,Trad,0,5.10+,G,4.0,7,Fell/Hung,1
110798669,Wine and Cheese,2018-07-17,Sport,0,5.9,G,2.5,1,Onsight/Flash,1
110802895,Dirty White Boy,2017-09-09,Sport,0,5.9-,G,1.6,1,Onsight/Flash,1
110803154,All He's Got,2022-07-06,Sport,0,5.11c,G,2.9,1,Onsight/Flash,1
110803176,All He's Ever Gonna Have,2022-07-06,Sport,0,5.10a,G,3.4,1,Onsight/Flash,1
110816935,Big Whiskey,2019-07-05,Sport,0,5.11c,G,2.4,1,Fell/Hung,1
110859964,Imagine What I Could Do to Your Face,2022-07-01,Sport,0,5.10a/b,G,2.3,1,Onsight/Flash,1
110859980,Rio Bravo,2022-07-01,Sport,0,5.10a,G,2.1,1,Onsight/Flash,1
110889566,JewJew Fruit,2021-09-28,Sport,0,5.10c,G,3.6,1,Onsight/Flash,1
110969192,Tesseract,2021-09-28,Sport,0,5.10d,G,3.5,1,Onsight/Flash,1
110977359,By a Thread,2017-09-10,Sport,0,5.10a,G,2.8,1,Onsight/Flash,1
111016186,Requiem,2021-09-06,Sport,0,5.11b,G,3.5,1,Redpoint,2
111020092,Mini Blonde Bomb,2023-08-13,Sport,0,5.11-,G,3.0,1,Onsight/Flash,1
111149916,Shuriken,2023-11-05,Trad,0,5.9,G,3.1,1,Onsight/Flash,1
111194234,Wish You Sent Here,2021-05-16,Sport,0,5.12a,G,3.5,1,Fell/Hung,1
111212723,Surefire,2017-08-13,Sport,0,5.12a,G,3.1,1,Fell/Hung,1
111220463,Warm Busch Beer,2016-10-24,Trad,0,5.8,G,2.7,1,Onsight/Flash,1
111228846,Family History,2023-09-23,Sport,0,5.11a,G,2.6,1,Onsight/Flash,1
111301554,Eminent Domain,2024-05-23,Sport,0,5.10a,G,2.4,1,Onsight/Flash,1
111301575,Last Supper,2024-05-23,Sport,0,5.11b,G,2.6,1,Onsight/Flash,1
111311288,Last Rites,2023-09-23,Sport,0,5.12b,G,3.8,1,Redpoint,2
111531368,Kicker,2021-10-31,Sport,0,5.9,G,2.1,1,Onsight/Flash,1
111539509,Corner Blitz AKA Tsunami,2020-12-26,Sport,0,5.9,G,2.6,1,Onsight/Flash,1
111542020,Desserter,2022-04-02,Sport,0,5.10a,G,2.4,1,Onsight/Flash,1
111580359,Sparky,2021-10-31,Sport,0,5.8,G,2.1,1,Onsight/Flash,1
111580381,Three Old Dogs,2021-10-31,Sport,0,5.9,G,2.4,1,Onsight/Flash,1
111676526,Slot Machine,2021-10-31,Sport,0,5.10a,G,1.7,1,Onsight/Flash,1
111694680,Feverish,2021-12-25,Sport,0,5.10c,G,2.5,1,Onsight/Flash,1
111761521,The Struggle Within (Start),2024-01-28,Sport,0,5.11a,G,3.0,1,Fell/Hung,1
111769220,Deeper is Better,2023-09-22,Sport,0,5.10b,G,2.8,1,Onsight/Flash,1
111790230,Beta Blocker,2023-09-23,Sport,0,5.12b,G,3.4,1,Fell/Hung,1
111893873,Sport Route Right,2023-03-26,Sport,0,5.8-,G,2.3,1,Onsight/Flash,1
111903271,Fallon,2021-05-09,Sport,0,5.9,G,2.4,1,Onsight/Flash,1
111903301,The Journey,2021-09-06,Sport,0,5.10b,G,2.2,1,Onsight/Flash,1
111904645,No Rest for the Weak'ed,2024-05-25,Sport,0,5.10c,G,2.9,1,Onsight/Flash,1
111904726,Power in Weakness,2024-05-25,Sport,0,5.9,G,1.7,1,Onsight/Flash,1
111904742,What is Your Weakness?,2024-05-25,Sport,0,5.11c,G,2.4,1,Onsight/Flash,1
111941682,Subpar,2017-05-26,Sport,0,5.10a,G,3.0,1,Onsight/Flash,1
111961383,Queen of England,2022-07-08,Sport,0,5.10c,G,3.1,1,Onsight/Flash,1
111971153,Three Bite Burrito,2020-08-22,Sport,0,5.11a,G,2.6,1,Onsight/Flash,1
112015974,Some Boys Never Learn extension,2018-06-03,Sport,0,5.11c,G,3.0,1,Onsight/Flash,1
112053342,Wet Wipe aWhet,2018-07-14,Sport,0,5.10b,G,2.1,1,Onsight/Flash,1
112063799,Fist Full of Quickdraws,2019-07-10,Sport,0,5.11d,G,3.5,1,Redpoint,2
112065984,Zero Gravity,2021-09-28,Sport,0,5.9,G,2.0,1,Onsight/Flash,1
112067046,Geriatric Journey,2018-09-17,Sport,0,5.11c,G,3.4,1,Redpoint,2
112067981,"I'm a Lead Farmer, Motha' Fucker",2022-07-08,Sport,0,5.11b,G,2.6,1,Onsight/Flash,1
112095476,Backdoor Man,2021-08-28,Sport,0,5.12a,G,3.5,1,Redpoint,2
112101317,Unshackled,2021-05-22,Sport,0,5.10+,G,3.6,1,Onsight/Flash,1
112101352,Implements of Destruction,2021-08-28,Sport,0,5.10+,G,3.0,1,Onsight/Flash,1
112108364,The Emperor's New Clothes,2024-07-05,Sport,0,5.12d,G,3.6,1,Fell/Hung,1
112116406,The Executioner,2023-07-28,Trad,0,5.10,G,2.2,1,Onsight/Flash,1
112160433,Smoky Treat,2018-06-06,Sport,0,5.11a,G,2.0,1,Onsight/Flash,1
112179017,Lame Line,2016-09-24,Trad,0,5.8,G,1.4,1,Onsight/Flash,1
112190381,Joyride,2021-07-22,Sport,0,5.9,G,2.5,1,Onsight/Flash,1
112190397,Lot Lizards,2021-07-22,Sport,0,5.11c,G,2.3,1,Fell/Hung,1
112259438,The Dark Tower,2023-11-05,Trad,0,5.10,G,3.3,4,Onsight/Flash,1
112270844,Dirty Looks,2017-09-09,Sport,0,5.10c/d,G,1.9,1,Onsight/Flash,1
112289818,Starry Night,2023-09-24,Sport,0,5.11d,G,3.5,1,Fell/Hung,1
112295556,Psychedelic Mini-Fridge,2019-08-06,Sport,0,5.10c,G,2.3,1,Onsight/Flash,1
112347621,Planned Obsolescence,2024-05-23,Sport,0,5.10a,G,2.1,1,Onsight/Flash,1
112417079,Burnt Toast,2017-10-21,Sport,0,5.7,G,2.2,1,Onsight/Flash,1
112484032,Divine Vessel,2024-05-23,Sport,0,5.11a,G,3.0,1,Onsight/Flash,1
112511931,Team Umizoomi,2021-04-18,Sport,0,5.10b,G,2.3,1,Onsight/Flash,1
112557064,Scary Carrie,2024-12-23,Sport,0,5.10a/b,G,2.8,1,Onsight/Flash,1
112835972,The Calla Way,2017-04-14,Sport,0,5.9,G,2.3,1,Onsight/Flash,1
112836233,Picnic Blank It,2020-10-10,Sport,0,5.10c,G,2.6,1,Onsight/Flash,1
112836276,Chips and Beer,2020-10-10,Sport,0,5.10b/c,G,2.0,1,Onsight/Flash,1
112836417,Tide to Tye,2017-04-14,Sport,0,5.8,G,1.8,1,Fell/Hung,1
112836447,Adults Only Picnic,2020-10-10,Sport,0,5.9,PG13,2.5,1,Onsight/Flash,1
112844518,Lemonade,2022-02-17,Sport,0,5.11a,G,3.0,1,Onsight/Flash,1
112844621,Rotten Pillar,2022-02-17,Sport,0,5.11d,G,3.3,1,Redpoint,2
112846211,Mental Hopscotch,2018-02-18,Sport,0,5.10c,G,2.3,1,Onsight/Flash,1
112852508,Behold,2024-03-21,Sport,0,5.8,G,2.3,1,Onsight/Flash,1
112917904,Nomesayin (??),2021-07-22,Sport,0,5.10c/d,G,1.7,1,Onsight/Flash,1
113038879,3.14,2017-05-27,Sport,0,5.9,G,2.3,1,Onsight/Flash,1
113039050,Andy Wants Some Candy,2017-05-27,Sport,0,5.10a,G,2.7,1,Onsight/Flash,1
113170173,Whipped Cream,2023-08-11,Sport,0,5.13a,G,3.8,1,Fell/Hung,2
113178586,The Urchin,2020-09-19,Sport,0,5.9-,G,2.2,1,Onsight/Flash,1
113250922,A Few Quickdraws More,2017-07-13,Sport,0,5.8,G,2.7,1,Onsight/Flash,1
113286106,Raiders of the Lost Ark,2023-08-14,Sport,0,5.10d,G,3.2,1,Onsight/Flash,1
113431769,Robyn's Route,2022-02-17,Sport,0,5.12b,G,3.7,1,Redpoint,2
113474285,Skinny Dipping,2020-10-10,Sport,0,5.10c/d,G,1.9,1,Onsight/Flash,1
113546691,The Hangman,2022-07-10,Sport,0,5.10c/d,G,1.8,1,Redpoint,2
113664798,Ignorant Bliss,2023-08-14,Sport,0,5.11b,G,3.3,1,Onsight/Flash,1
113699177,Berga,2018-07-31,Sport,0,5.9,G,2.5,1,Onsight/Flash,1
113731295,Star Crunch,2023-12-05,Sport,0,5.11c,G,3.4,1,Fell/Hung,1
114012282,Spinal Tap,2022-01-23,Sport,0,5.11d,G,3.2,1,Onsight/Flash,1
114012313,City of the Dead,2022-01-29,Sport,0,5.12a,G,3.2,1,Fell/Hung,1
114012359,Afterlife,2019-08-12,Sport,0,5.9+,G,2.5,1,Onsight/Flash,1
114012397,The Reaper,2019-08-16,Sport,0,5.10d,G,2.5,1,Onsight/Flash,1
114012413,Reincarnation,2019-08-16,Sport,0,5.10c,G,2.7,1,Onsight/Flash,1
114012513,Ugoogoly,2019-08-12,Sport,0,5.10a/b,G,2.8,1,Onsight/Flash,1
114028771,Ernest Stemmingway,2019-08-16,Sport,0,5.11a,G,3.0,1,Onsight/Flash,1
114068868,Chopped Sand,2024-04-17,Trad,0,5.9,G,2.2,2,Fell/Hung,1
114089122,White Dog,2021-10-31,Sport,0,5.10a,G,2.3,1,Onsight/Flash,1
114140839,Sangria,2022-06-19,Sport,0,5.12a,G,3.1,1,Fell/Hung,1
114140845,Moscow Mule,2022-06-19,Sport,0,5.11d,G,2.3,1,Onsight/Flash,1
114149484,Dia de Los Muertos,2019-08-12,Sport,0,5.12a,G,3.3,1,Redpoint,3
114158727,Grave Digger,2022-02-06,Sport,0,5.12b,G,2.8,1,Fell/Hung,2
114158750,Hellbender,2022-01-29,Sport,0,5.12a/b,G,3.2,1,Fell/Hung,1
114194877,Shadow of Death,2022-02-27,Sport,0,5.10c,G,2.3,1,Onsight/Flash,1
114195083,Death of Yuppies,2022-02-27,Sport,0,5.10b/c,G,2.6,1,Onsight/Flash,1
114270018,The Walking Dead,2022-02-06,Sport,0,5.12b/c,G,2.8,1,Fell/Hung,1
114307522,Michael Fitzpatrick,2024-04-25,Sport,0,5.10a,G,2.4,2,Onsight/Flash,1
114430626,The Outcast,2022-07-03,Sport,0,5.11a,G,2.6,1,Onsight/Flash,1
114435866,Unkindness of Ravens,2022-07-03,Sport,0,5.11b,G,2.5,1,Onsight/Flash,1
114441945,Light My Fire,2023-07-09,Sport,0,5.12a,G,3.8,1,Redpoint,2
114534087,Super Tuscan,2023-04-09,Sport,0,5.13b,G,3.8,1,Redpoint,14
114581191,Cobra Head,2023-07-29,Sport,1,5.12b,G,3.4,1,Redpoint,2
114595292,Broken Promises,2018-07-16,Sport,0,5.11a,G,2.8,1,Onsight/Flash,1
114618324,Pipeline,2019-08-24,Sport,0,5.10a,G,2.7,1,Onsight/Flash,1
114784177,Baby Rex,2021-07-04,Sport,0,5.7,G,2.1,1,Onsight/Flash,1
114804208,Matchless,2020-06-20,Sport,0,5.12b,G,3.5,1,Fell/Hung,1
114804995,Deez Nutz,2023-08-15,Sport,0,5.12c/d,G,3.7,1,Redpoint,2
114805042,Booger 5,2023-08-15,Sport,0,5.10c,G,2.8,1,Onsight/Flash,1
114805061,Dr. Jeckyl,2023-08-15,Sport,0,5.11c,G,3.0,1,Onsight/Flash,1
114935630,Free and Easy,2022-08-05,Trad,0,5.10b,G,2.8,1,Onsight/Flash,1
114956407,When It All Comes Crashing Down,2018-08-26,Sport,0,5.9-,G,2.5,2,Onsight/Flash,1
115136357,Safety Meeting,2018-08-26,Sport,0,5.10a,G,1.9,1,Onsight/Flash,1
115380088,The Advocate,2021-04-18,Sport,0,5.10d,G,1.8,1,Redpoint,2
115959536,The Pony,2020-11-25,Sport,0,5.10a,G,2.9,2,Onsight/Flash,1
115959627,Rambo Peep,2020-11-25,Sport,0,5.11b,G,2.9,1,Redpoint,2
115959647,Three Bags Full,2020-11-25,Sport,0,5.10a,G,2.7,1,Onsight/Flash,1
116122044,Hooker Next Door,2024-10-06,Sport,0,5.12a,G,2.5,1,Onsight/Flash,1
116202042,Unnamed 5.10 Flare,2019-02-28,Trad,0,5.10,G,3.8,1,Fell/Hung,1
116595088,Keymaker,2023-03-26,Sport,0,5.11a,G,2.6,1,Onsight/Flash,1
116739990,Barrel O' Fun,2024-05-14,Sport,0,5.9+,G,3.6,1,Onsight/Flash,1
116740061,Mellow Yellow,2024-05-14,Sport,0,5.8+,G,3.0,1,Onsight/Flash,1
116740123,Enewman,2024-05-13,Sport,0,5.9,G,2.0,1,Onsight/Flash,1
116740150,How 'Bout a FRESCA...hmm?,2024-05-14,Sport,0,5.8,G,2.1,1,Onsight/Flash,1
116740165,Air Affair,2024-05-14,Sport,0,5.7,G,2.5,1,Onsight/Flash,1
116751464,Jackhammer Johnston,2024-05-13,Sport,0,5.10,G,2.7,1,Onsight/Flash,1
116751519,Bacon Strip,2024-05-13,Sport,0,5.10b,G,2.1,1,Onsight/Flash,1
117010155,Bulbous Naughty Bits,2024-05-14,Sport,0,5.10d,G,3.0,1,Fell/Hung,1
117126919,The Tutorial,2023-12-04,Sport,0,5.10a,G,2.6,1,Onsight/Flash,1
117291118,Progeny,2019-06-30,Sport,0,5.11d,G,2.2,1,Redpoint,2
117343662,Castles Made of Sand,2023-12-04,Sport,0,5.11c,G,3.3,1,Onsight/Flash,1
117375810,Imposter Complex,2023-12-04,Sport,0,5.10b,G,3.0,1,Onsight/Flash,1
117387590,Tanna‚Äôs Crack Front to Back,2022-07-09,Sport,0,5.9+,G,2.7,1,Onsight/Flash,1
117402922,Kaleidoscope Eyes,2023-08-15,Sport,0,5.10c,G,2.6,1,Onsight/Flash,1
117406623,Waiting for the Sun,2021-05-22,Sport,0,5.12a,G,2.8,1,Redpoint,3
117557944,Farewell to Arms,2024-09-21,Sport,0,5.11a,G,3.3,1,Redpoint,2
117558093,Time Step,2023-12-04,Sport,0,5.10b,G,3.0,1,Onsight/Flash,1
117940677,Tuesday‚Äôs Gone,2023-12-08,Sport,0,5.11a,G,3.5,1,Onsight/Flash,1
118259212,Pure Sugar,2023-12-05,Sport,0,5.11c,G,3.6,1,Onsight/Flash,1
118590352,Cruisin' Caskets,2022-01-29,Sport,0,5.8,G,2.4,1,Onsight/Flash,1
118936340,Short Pony,2022-07-01,Sport,0,5.9+,G,2.3,1,Onsight/Flash,1
119134066,Red Face Magic,2021-08-22,Trad,1,5.8+,PG13,3.5,6,Onsight/Flash,1
119206065,The Real Slim Shady,2020-08-30,Sport,0,5.10d,G,2.2,1,Onsight/Flash,1
119215905,Call Sign,2022-07-30,Trad,0,5.6,G,2.6,1,Onsight/Flash,1
119215928,Morse Code,2022-07-30,Trad,0,5.9,G,3.5,1,Onsight/Flash,1
119216000,Polar Vortex,2022-07-30,Sport,0,5.10b,G,2.9,1,Fell/Hung,1
119216011,Mono Mystery,2022-07-30,Trad,0,5.10a/b,G,3.3,1,Onsight/Flash,1
119257462,Thumbelina,2024-09-05,Sport,0,5.9,G,2.5,1,Onsight/Flash,1
119266804,Pyramid Power,2024-09-22,Sport,0,5.9,G,2.0,1,Onsight/Flash,1
119266823,Let It Bleed,2024-09-22,Sport,0,5.10a,G,2.7,1,Onsight/Flash,1
119267832,Baby Dog,2022-03-27,Sport,0,5.7+,G,2.5,1,Onsight/Flash,1
119284015,Exit Stage Left,2024-09-21,Sport,0,5.8,G,1.7,1,Onsight/Flash,1
119433549,One Trick Sheep,2022-07-04,Sport,0,5.11a,G,2.3,1,Onsight/Flash,1
119600477,COVID-5.10,2023-12-11,Sport,0,5.10c,G,2.8,1,Onsight/Flash,1
119865776,How 'Bout Them Apples aka Gunned but Not Forgotten,2023-08-30,Sport,0,5.10d,G,2.4,1,Onsight/Flash,1
119935970,Unnamed 5-something Sport,2024-04-17,Sport,0,5.9-,G,2.2,1,Onsight/Flash,1
120255673,Concrete Jungle,2024-12-22,Sport,0,5.10a/b,G,2.7,1,Onsight/Flash,1
120270800,Little Mochi,2024-06-03,Sport,0,5.10b,G,3.3,1,Onsight/Flash,1
120270999,Clem Fandango,2024-06-03,Sport,0,5.11a,G,3.8,1,Onsight/Flash,1
120271061,Jack O'Neill,2024-06-03,Sport,0,5.12a,G,3.5,1,Onsight/Flash,1
120271137,Kentucky Kid,2024-06-03,Sport,0,5.11a/b,G,3.6,1,Onsight/Flash,1
120271151,Newtonian Mechanics,2024-06-03,Sport,0,5.12a,G,3.3,1,Fell/Hung,1
120375376,Prime Number,2023-11-15,Sport,0,5.8,G,1.6,1,Onsight/Flash,1
120574215,Welcome to West Germany,2021-04-19,Sport,0,5.10b,G,2.0,1,Onsight/Flash,1
120640969,Walk on the Wilde Side,2024-09-21,Sport,0,5.11c,G,4.0,1,Fell/Hung,1
120761129,Scorpion,2023-01-02,Sport,0,5.9+,R,1.6,1,Onsight/Flash,1
120765388,The Spirit of Squamish,2022-07-31,Trad,0,5.8,G,3.5,8,Onsight/Flash,1
121130201,Rope Wars,2023-07-30,Trad,0,5.5,G,2.4,3,Onsight/Flash,1
121166594,Swampton,2022-08-05,Trad,0,5.9,G,2.6,1,Onsight/Flash,1
121461179,Whiskey Fire,2019-04-19,Sport,0,5.12b,G,3.5,1,Fell/Hung,1
121461271,Walking On Wine,2019-04-21,Sport,0,5.12a,G,2.7,1,Redpoint,2
121461292,Don't Drink and Drill,2018-10-21,Trad,0,5.11a,G,2.0,1,Fell/Hung,1
121461306,Zombie Jesus,2019-04-21,Sport,0,5.10b,G,1.7,1,Redpoint,2
121463975,"Holy Moly, There‚Äôs a Roly Poly in My Guacamole",2019-03-23,Sport,0,5.10,G,3.0,1,Redpoint,2
121464013,A Bag of Dicks without a Handle,2018-11-17,Sport,0,5.10,G,2.0,1,Redpoint,2
121464048,The View,2020-11-23,Sport,0,5.11b,PG13,2.0,1,Fell/Hung,1
121464092,Thurday Special,2018-01-28,Sport,0,5.11b,G,3.0,1,Onsight/Flash,1
121490068,Seven Beez,2021-11-14,Sport,0,5.8,G,2.5,1,Onsight/Flash,1
121490158,Cruces,2021-11-14,Sport,0,5.10a,G,2.7,1,Onsight/Flash,1
121490174,Slab-Cling,2021-11-14,Sport,0,5.11a,G,1.5,1,Onsight/Flash,1
121569868,Lenten Passage,2021-04-19,Sport,0,5.9,G,1.0,1,Onsight/Flash,1
121623204,Kind,2024-07-05,Sport,0,5.6,G,2.3,1,Onsight/Flash,1
121638456,Melaza,2021-11-14,Sport,0,5.6,G,2.8,1,Onsight/Flash,1
121638708,Clouds a' Streamin',2021-11-14,Sport,0,5.8,G,2.5,1,Onsight/Flash,1
121638786,Side of Applesauce,2021-11-14,Sport,0,5.9,PG13,1.0,1,Onsight/Flash,1
121638898,Give and Go,2019-04-19,Sport,0,5.10a,G,0.0,1,Onsight/Flash,1
121638929,Pumplestiltskin,2018-04-28,Sport,0,5.9,G,2.3,1,Onsight/Flash,1
121638986,Trippel Barrel,2018-04-15,Sport,0,5.10d,G,2.4,1,Onsight/Flash,1
121639081,Freeze Cat,2021-11-14,Sport,0,5.11a,G,2.5,1,Onsight/Flash,1
121639121,Burnt Toast,2018-10-21,Sport,0,5.10d,G,2.5,1,Onsight/Flash,1
121639140,Campfired,2018-11-18,Sport,0,5.12a,G,3.3,1,Onsight/Flash,1
121639158,CO Blunt Arete,2018-10-21,Sport,0,5.10d,G,2.0,1,Onsight/Flash,1
121639251,Genizaro,2018-04-29,Sport,0,5.10a,G,2.4,1,Onsight/Flash,1
121639280,"Blood, Sweat, & Cleavage",2019-04-21,Trad,0,5.10,G,2.5,1,Onsight/Flash,1
121639316,Goofy Foot,2018-04-29,Sport,0,5.11b,G,3.3,1,Onsight/Flash,1
121639371,Hermano,2021-11-13,Sport,0,5.10d,G,2.9,1,Onsight/Flash,1
121641131,Bad Phil,2019-04-21,Sport,0,5.12a,G,2.0,1,Redpoint,2
121641160,Grammy Phil,2019-04-21,Sport,0,5.12a,G,2.0,1,Onsight/Flash,1
121641269,Saliente,2019-04-19,Sport,0,5.10d,G,2.0,1,Onsight/Flash,1
121641323,"Maple, Eh",2018-10-20,Sport,0,5.11a,G,2.9,1,Onsight/Flash,1
121641359,Three Heavy,2019-04-19,Sport,0,5.11d,G,0.5,1,Fell/Hung,1
121641374,Threedom Wheat,2019-04-19,Sport,0,5.10b,G,1.0,1,Onsight/Flash,1
121641831,Black Copter,2019-04-19,Sport,0,5.10b,G,1.7,1,Onsight/Flash,1
121641838,d' Amber,2020-11-26,Sport,0,5.10d,G,2.2,1,Fell/Hung,1
121641893,Bernie the Axe,2018-11-19,Sport,0,5.9+,G,1.4,1,Onsight/Flash,1
121641907,Black Yak,2018-11-19,Sport,0,5.10d,G,3.0,1,Onsight/Flash,1
121796659,China Pockets,2024-07-05,Sport,0,5.10b,G,2.3,1,Onsight/Flash,1
121821220,Pandemic,2023-01-02,Sport,0,5.11-,G,2.5,1,Fell/Hung,1
123762540,R.I.P.D.S.W.B.,2024-07-05,Sport,0,5.8,G,1.0,1,Onsight/Flash,1
126239812,The Mussy Hooker,2024-09-21,Sport,0,5.8,G,2.5,1,Onsight/Flash,1
126571538,Lucky Lettuce,2024-12-23,Sport,0,5.9,G,2.3,1,Onsight/Flash,1
